Id,Area,Bedrooms,Bathrooms,Floors,YearBuilt,Location,Condition,Garage,Price
1,1360,4,2,1,1913,Urban,Fair,No,362654
2,4272,5,3,2,1962,Downtown,Good,Yes,1265841
3,3592,5,4,1,1980,Suburban,Good,Yes,720710
4,966,2,1,2,1984,Urban,Good,No,348862
5,4926,5,2,3,1950,Suburban,Good,No,899784
6,3944,4,3,1,2011,Urban,Excellent,No,1146241
7,3671,4,2,3,1978,Downtown,Good,Yes,1074262
8,3419,4,2,2,1957,Urban,Excellent,No,934921
9,630,2,1,1,1914,Downtown,Excellent,No,345558
10,2185,2,2,3,1964,Downtown,Good,Yes,715370
11,1269,3,3,2,1987,Rural,Good,No,305268
12,2891,5,4,2,1954,Suburban,Excellent,Yes,756150
13,2933,3,2,1,2018,Suburban,Excellent,Yes,715964
14,1684,3,3,2,1975,Downtown,Poor,Yes,430310
15,3885,3,3,2,1909,Urban,Poor,No,594351
16,4617,4,3,3,2009,Suburban,Excellent,Yes,1038312
17,3404,5,3,3,2005,Rural,Fair,Yes,475441
18,974,2,1,2,1941,Rural,Excellent,Yes,267990
19,1582,2,1,3,2015,Urban,Good,Yes,459895
20,3058,4,4,2,1994,Suburban,Fair,Yes,597278
21,2547,4,2,2,1910,Suburban,Poor,Yes,368654
22,3247,3,3,1,2017,Urban,Fair,No,695019
23,1475,4,2,2,1915,Downtown,Fair,No,487576
24,2306,3,2,2,1972,Suburban,Good,No,458759
25,689,1,2,2,2010,Downtown,Good,No,366695
26,3234,5,2,3,1977,Downtown,Excellent,Yes,1200649
27,3505,3,2,1,1918,Downtown,Good,Yes,978892
28,2399,2,2,1,1930,Suburban,Good,Yes,453447
29,1767,4,4,2,1972,Urban,Good,Yes,563977
30,2028,2,1,2,1999,Suburban,Good,No,451897
31,3702,5,3,1,1952,Suburban,Good,Yes,708071
32,4056,4,2,2,2002,Downtown,Poor,No,839429
33,4390,5,2,1,2017,Suburban,Poor,Yes,614965
34,1146,3,3,2,1989,Suburban,Poor,No,211396
35,3388,4,3,3,1907,Urban,Fair,Yes,677688
36,2935,4,3,1,1923,Rural,Good,Yes,507082
37,1100,3,3,2,1907,Downtown,Fair,No,388476
38,2863,4,4,3,1982,Downtown,Excellent,Yes,1105042
39,2561,5,2,3,2010,Suburban,Excellent,No,651607
40,741,2,1,2,1947,Rural,Excellent,Yes,216801
41,2541,5,2,2,1929,Urban,Excellent,Yes,758347
42,3324,4,2,2,1957,Rural,Fair,No,434475
43,3112,3,2,1,1985,Suburban,Good,Yes,574889
44,1863,4,3,3,1954,Rural,Fair,No,336014
45,1978,2,2,1,1972,Downtown,Excellent,Yes,815768
46,3056,3,2,1,2021,Downtown,Excellent,Yes,1108564
47,1275,4,2,1,2021,Rural,Excellent,Yes,368013
48,4514,3,3,1,1961,Rural,Good,Yes,633726
49,534,1,2,1,2007,Downtown,Good,Yes,346054
50,3652,3,2,3,1947,Downtown,Poor,Yes,713174
51,2455,4,3,1,1903,Downtown,Poor,Yes,525683
52,2085,3,3,2,1936,Downtown,Good,Yes,737366
53,4443,5,2,3,1907,Downtown,Good,Yes,1195945
54,3573,5,4,1,1900,Rural,Excellent,Yes,643351
55,1521,3,2,2,1991,Urban,Poor,Yes,315427
56,3961,5,3,2,1969,Urban,Excellent,Yes,1162602
57,3113,3,3,1,1946,Urban,Good,Yes,695085
58,4343,3,2,3,1999,Suburban,Excellent,Yes,953246
59,2000,4,2,2,2016,Urban,Excellent,Yes,735425
60,661,2,2,2,1974,Suburban,Excellent,No,278988
61,4797,4,4,3,1904,Suburban,Fair,No,781843
62,2481,3,2,2,1949,Suburban,Excellent,Yes,672153
63,1495,2,1,1,1923,Suburban,Fair,Yes,303389
64,3842,5,4,2,1946,Urban,Poor,No,601271
65,4298,3,3,2,1917,Rural,Good,Yes,616511
66,1775,2,1,3,1983,Suburban,Excellent,No,445573
67,1516,4,4,1,1927,Urban,Good,No,478474
68,837,2,2,1,1976,Downtown,Excellent,Yes,497989
69,1378,4,2,1,1904,Urban,Good,Yes,423382
70,1576,4,3,1,1929,Suburban,Fair,No,362069
71,4493,5,2,1,1900,Downtown,Excellent,No,1419784
72,879,2,2,2,1985,Suburban,Poor,Yes,185669
73,992,2,2,1,1981,Urban,Excellent,Yes,428819
74,2562,4,3,1,1945,Downtown,Good,Yes,798450
75,4384,5,2,2,1968,Rural,Good,Yes,671207
76,564,2,2,2,1930,Downtown,Good,No,301359
77,3068,4,4,2,1969,Rural,Fair,No,450225
78,2527,4,3,3,1990,Urban,Good,Yes,682185
79,3195,5,3,1,1955,Suburban,Fair,No,575459
80,1995,2,1,1,1988,Suburban,Fair,Yes,413293
81,891,2,1,1,1992,Urban,Fair,Yes,290046
82,4974,5,3,1,1927,Urban,Good,Yes,994363
83,4061,3,2,3,1915,Urban,Good,Yes,899747
84,2778,3,3,1,1953,Suburban,Good,Yes,601820
85,3599,5,2,1,1952,Suburban,Excellent,Yes,861217
86,700,2,1,2,1911,Rural,Good,No,147838
87,3604,5,3,2,1919,Downtown,Good,No,990213
88,2954,5,4,2,1981,Suburban,Good,Yes,662216
89,4145,5,4,1,1933,Suburban,Good,Yes,806812
90,1304,2,2,1,2018,Urban,Good,Yes,434127
91,3231,4,4,2,1952,Urban,Poor,No,603973
92,3273,5,2,2,1963,Suburban,Excellent,Yes,763137
93,2070,4,4,2,1922,Downtown,Good,Yes,752531
94,3190,4,3,1,2008,Downtown,Fair,Yes,910271
95,4340,5,4,3,1926,Suburban,Good,Yes,752476
96,1528,2,1,1,2012,Suburban,Poor,Yes,264250
97,1002,2,1,1,1916,Rural,Fair,No,184544
98,4993,4,4,3,1947,Suburban,Poor,No,620697
99,1370,4,3,2,1920,Suburban,Good,Yes,331318
100,4988,5,2,2,1949,Rural,Good,Yes,721984
101,706,2,2,2,1939,Suburban,Excellent,Yes,271877
102,1984,3,2,1,1994,Suburban,Poor,No,325051
103,1363,2,1,2,1902,Downtown,Good,Yes,464791
104,3290,3,3,2,1916,Suburban,Good,Yes,599888
105,1063,2,1,2,1960,Rural,Fair,Yes,196664
106,4691,3,3,2,1949,Suburban,Good,Yes,891086
107,2257,4,3,1,2021,Suburban,Poor,Yes,355488
108,2178,3,2,3,1989,Urban,Fair,Yes,503704
109,3742,4,2,1,1986,Rural,Good,Yes,544307
110,1559,2,1,2,1905,Suburban,Good,Yes,338954
111,2222,4,2,3,1927,Suburban,Fair,Yes,435343
112,3814,5,3,3,1971,Rural,Fair,Yes,520759
113,3657,5,2,3,1954,Downtown,Fair,Yes,964820
114,3125,3,2,3,1957,Urban,Fair,Yes,711459
115,3229,3,2,1,1944,Urban,Fair,Yes,645652
116,2097,2,2,2,1971,Urban,Good,No,489526
117,3560,4,4,2,1918,Suburban,Good,Yes,711495
118,3193,4,4,3,2001,Suburban,Good,Yes,678766
119,4127,5,4,2,1928,Urban,Good,Yes,927532
120,1863,4,3,1,1922,Downtown,Good,Yes,660753
121,2481,2,1,2,2010,Suburban,Fair,Yes,493100
122,2163,3,3,1,1931,Downtown,Poor,No,428404
123,2029,2,1,1,1909,Downtown,Excellent,Yes,717777
124,2538,3,3,2,1990,Rural,Poor,Yes,374522
125,3802,3,3,1,1948,Suburban,Fair,No,659990
126,2737,3,2,1,1964,Rural,Poor,No,324544
127,1806,2,1,1,2002,Downtown,Good,No,629537
128,4529,3,2,1,1928,Suburban,Good,No,798030
129,3175,4,2,3,1958,Downtown,Excellent,No,1139317
130,1782,2,2,2,1944,Urban,Excellent,Yes,587314
131,1209,4,3,2,1966,Urban,Good,Yes,435593
132,4913,4,3,1,1950,Downtown,Good,Yes,1340128
133,4248,5,4,2,2010,Rural,Fair,No,612172
134,1163,4,2,1,2000,Downtown,Fair,No,446951
135,2498,3,2,2,1994,Urban,Fair,Yes,584293
136,3945,4,2,3,1910,Rural,Fair,Yes,481015
137,4243,4,4,2,1985,Rural,Fair,No,555909
138,1995,2,1,1,1981,Rural,Fair,No,297707
139,3804,4,2,2,1998,Suburban,Good,Yes,713985
140,4263,3,3,2,1905,Downtown,Excellent,No,1345171
141,2353,2,1,3,1966,Downtown,Good,Yes,720590
142,1791,3,2,1,1961,Suburban,Excellent,Yes,509889
143,4081,5,3,2,1904,Urban,Good,Yes,953784
144,3957,4,3,3,1908,Downtown,Good,Yes,1091046
145,2136,2,1,2,1927,Urban,Good,Yes,544844
146,4196,5,3,1,1982,Suburban,Fair,No,763605
147,3499,3,3,2,1991,Suburban,Fair,No,635014
148,3652,4,3,2,1990,Urban,Excellent,No,1040594
149,1198,3,2,2,1976,Suburban,Excellent,Yes,409173
150,2660,4,4,2,1937,Urban,Poor,Yes,512190
151,4597,3,2,1,1942,Downtown,Fair,Yes,1169726
152,1354,4,4,1,2016,Urban,Good,Yes,523559
153,3974,3,2,3,1920,Downtown,Fair,Yes,980352
154,2207,3,2,2,1990,Downtown,Good,Yes,755896
155,3277,4,4,1,1961,Urban,Fair,Yes,773394
156,2233,3,3,1,1945,Rural,Good,No,363995
157,4010,4,3,1,1969,Suburban,Fair,Yes,687168
158,702,2,2,2,1937,Suburban,Good,No,217975
159,3755,5,2,1,1948,Suburban,Poor,Yes,540367
160,4718,4,2,1,1974,Downtown,Good,No,1327343
161,4996,4,4,2,2010,Urban,Excellent,Yes,1367778
162,1266,2,2,2,2004,Urban,Good,Yes,395743
163,4889,3,2,3,2016,Downtown,Excellent,Yes,1649651
164,2827,5,2,2,1980,Suburban,Excellent,No,678659
165,3431,4,3,3,2019,Urban,Excellent,Yes,977657
166,697,2,2,2,1938,Suburban,Good,Yes,218802
167,2430,3,2,1,1970,Urban,Good,No,612417
168,4082,4,2,3,1929,Downtown,Excellent,Yes,1410853
169,1108,2,2,1,1920,Urban,Poor,Yes,240093
170,3772,5,3,1,1900,Downtown,Good,Yes,1082617
171,1647,4,2,3,1988,Urban,Excellent,Yes,628829
172,4782,3,2,2,1931,Suburban,Good,Yes,787180
173,3897,4,2,3,2022,Suburban,Excellent,Yes,949215
174,3011,4,4,3,2020,Urban,Good,Yes,797204
175,2294,4,3,3,1907,Downtown,Excellent,Yes,892884
176,1159,4,2,2,1968,Suburban,Good,No,314070
177,3311,3,3,2,1929,Suburban,Good,Yes,616502
178,1869,4,2,2,2014,Suburban,Good,Yes,469521
179,2486,3,3,1,1907,Rural,Excellent,Yes,527707
180,646,2,1,2,2012,Urban,Excellent,Yes,369967
181,3719,3,2,3,1918,Downtown,Excellent,Yes,1217501
182,3411,4,4,1,2007,Urban,Good,Yes,814635
183,2234,2,2,2,1958,Suburban,Good,Yes,434572
184,2343,4,2,1,1954,Rural,Poor,No,308178
185,988,2,2,1,1929,Suburban,Excellent,Yes,313782
186,3476,4,2,1,1978,Suburban,Good,Yes,678424
187,2459,3,3,3,1935,Suburban,Fair,Yes,498801
188,2885,5,4,1,1954,Suburban,Fair,Yes,511433
189,3419,3,3,2,1943,Suburban,Excellent,No,828945
190,2302,3,3,2,1926,Downtown,Excellent,Yes,874725
191,4561,4,2,2,1976,Urban,Excellent,Yes,1177637
192,3869,5,4,2,1977,Suburban,Good,Yes,772366
193,762,2,1,1,2000,Rural,Good,Yes,200141
194,1123,2,1,2,1953,Suburban,Good,Yes,298054
195,1516,4,3,2,1947,Urban,Poor,Yes,316982
196,4143,4,2,2,1929,Rural,Excellent,Yes,662670
197,2549,3,2,3,1938,Urban,Poor,Yes,431521
198,4223,5,4,3,2010,Rural,Good,Yes,624426
199,3608,4,4,2,1912,Urban,Good,Yes,847240
200,4590,4,4,2,2021,Suburban,Good,Yes,849351
201,2556,3,2,3,1915,Urban,Excellent,Yes,722180
202,3670,5,2,2,1943,Downtown,Poor,No,737154
203,2182,2,2,2,1970,Suburban,Good,Yes,466453
204,2755,4,3,1,2011,Downtown,Poor,No,631935
205,1654,3,3,3,2018,Urban,Poor,Yes,382395
206,4999,3,3,1,2018,Suburban,Good,No,871304
207,3691,5,4,1,1926,Suburban,Poor,Yes,508454
208,2196,4,2,3,1944,Suburban,Good,Yes,402922
209,4491,5,3,1,2018,Rural,Good,No,705662
210,2148,4,3,2,1934,Downtown,Poor,No,481463
211,1945,2,1,1,1978,Downtown,Poor,Yes,428842
212,4699,5,2,3,1927,Downtown,Good,Yes,1299322
213,4423,5,2,2,1998,Rural,Excellent,Yes,866437
214,753,2,1,1,1906,Rural,Good,No,153649
215,3683,3,2,2,1961,Urban,Good,Yes,809888
216,3057,4,2,2,2013,Rural,Good,Yes,520430
217,598,1,1,2,2009,Downtown,Good,No,309862
218,2700,5,2,1,2013,Rural,Fair,No,402227
219,3461,5,2,2,1950,Downtown,Good,Yes,1065562
220,4933,5,4,3,1945,Downtown,Good,Yes,1391006
221,4277,5,4,2,1919,Downtown,Good,No,1123486
222,3369,5,2,1,1995,Suburban,Good,Yes,631035
223,3734,3,3,2,1937,Urban,Excellent,No,1005853
224,4291,3,2,1,1960,Suburban,Fair,Yes,746917
225,1456,3,3,2,2003,Rural,Excellent,Yes,353652
226,4567,4,2,3,1931,Suburban,Good,Yes,847866
227,660,2,1,1,1925,Downtown,Good,Yes,325621
228,4993,5,3,3,1957,Suburban,Poor,No,725638
229,1800,4,3,3,1938,Urban,Good,Yes,522873
230,4487,4,2,2,1919,Urban,Good,Yes,994045
231,2027,2,1,3,1981,Suburban,Good,Yes,396055
232,1718,2,2,3,1949,Suburban,Poor,Yes,313336
233,4996,5,2,1,1978,Suburban,Good,Yes,901146
234,3604,4,2,1,1951,Urban,Poor,Yes,552141
235,3235,4,3,3,1985,Rural,Excellent,Yes,633658
236,1454,2,1,1,2014,Downtown,Excellent,No,669771
237,3946,4,4,3,1921,Rural,Poor,No,496366
238,1545,2,2,2,1952,Suburban,Excellent,Yes,442306
239,2193,4,3,1,1984,Suburban,Excellent,Yes,639140
240,3936,5,4,2,1965,Rural,Good,Yes,630385
241,1062,4,4,2,2003,Suburban,Good,Yes,345701
242,2985,3,3,3,2016,Suburban,Good,No,667658
243,3854,5,3,3,1942,Downtown,Good,Yes,1102284
244,725,2,1,2,1981,Downtown,Good,Yes,387130
245,1459,2,1,2,1922,Urban,Good,Yes,412468
246,3567,5,2,2,1976,Urban,Good,Yes,875861
247,1315,3,2,2,1963,Rural,Fair,Yes,280810
248,3620,3,3,1,2004,Downtown,Excellent,Yes,1386160
249,516,2,1,2,1908,Downtown,Good,Yes,266168
250,1743,2,2,2,2012,Downtown,Good,No,600536
251,2705,4,2,3,1906,Suburban,Excellent,No,578573
252,3024,5,2,3,1940,Rural,Good,No,545151
253,1569,4,2,2,1953,Urban,Good,No,442757
254,3944,4,3,3,1964,Suburban,Excellent,Yes,960061
255,3065,5,4,2,1901,Rural,Excellent,No,561377
256,1560,2,1,3,1903,Urban,Fair,Yes,383520
257,2827,3,2,1,1977,Downtown,Good,Yes,852492
258,3920,4,3,3,1931,Urban,Excellent,No,1007012
259,801,1,1,2,1999,Suburban,Good,Yes,254131
260,4776,4,4,1,1901,Downtown,Good,No,1259619
261,1106,4,3,1,2003,Downtown,Fair,Yes,494078
262,3670,4,2,3,2013,Suburban,Fair,No,647047
263,1199,4,2,2,2014,Suburban,Good,Yes,376861
264,1639,3,3,2,1963,Suburban,Good,Yes,402626
265,690,1,1,2,1913,Downtown,Excellent,Yes,348548
266,2800,5,2,1,1919,Urban,Good,No,648050
267,1480,2,2,1,1988,Rural,Fair,Yes,306809
268,3475,3,2,1,2005,Urban,Poor,Yes,589540
269,1684,2,2,2,1948,Suburban,Excellent,Yes,425961
270,3827,3,3,1,1907,Downtown,Good,Yes,1044785
271,3894,5,4,1,1991,Downtown,Good,Yes,1192666
272,627,2,2,1,1962,Downtown,Excellent,Yes,441502
273,2565,3,3,3,1945,Suburban,Good,No,550163
274,2316,2,1,3,1920,Urban,Fair,Yes,470502
275,1069,3,3,2,1986,Urban,Excellent,Yes,520079
276,2395,4,4,1,1931,Urban,Excellent,Yes,759161
277,3233,5,2,2,1907,Suburban,Poor,Yes,477381
278,4363,4,2,3,1994,Suburban,Excellent,Yes,949447
279,4514,5,4,3,2000,Urban,Good,No,945188
280,3401,3,2,3,1915,Suburban,Good,Yes,592872
281,2186,2,2,3,1939,Downtown,Excellent,Yes,749785
282,3509,4,4,2,2005,Suburban,Excellent,Yes,953923
283,654,2,1,1,1926,Suburban,Fair,Yes,189361
284,3037,5,2,2,2003,Downtown,Fair,Yes,842993
285,1909,3,2,1,2004,Urban,Poor,Yes,394185
286,4557,4,2,3,1917,Rural,Good,No,652471
287,1284,2,2,2,1934,Downtown,Poor,Yes,343956
288,3675,3,3,3,2012,Downtown,Good,Yes,1151115
289,4841,4,3,2,1951,Urban,Poor,Yes,737104
290,3306,3,3,1,1914,Downtown,Good,Yes,923623
291,1037,4,4,1,1962,Suburban,Poor,No,240618
292,2341,4,2,3,1952,Downtown,Excellent,Yes,930773
293,2955,4,3,2,1990,Downtown,Fair,No,832331
294,1024,4,3,2,1980,Urban,Good,Yes,436317
295,3450,5,2,3,2003,Urban,Excellent,Yes,1004349
296,4631,4,4,3,1965,Downtown,Good,Yes,1281299
297,4615,3,3,2,2012,Suburban,Fair,Yes,809392
298,2868,4,2,2,2013,Downtown,Poor,Yes,626213
299,4347,3,3,1,1930,Downtown,Good,Yes,1216476
300,4995,4,4,1,1960,Rural,Good,Yes,707596
301,3201,4,3,2,1963,Urban,Good,Yes,770419
302,1471,4,4,1,2000,Suburban,Good,Yes,462285
303,1666,2,2,2,2004,Urban,Good,Yes,485051
304,3274,4,3,2,2004,Urban,Good,No,776194
305,2482,2,1,3,1997,Urban,Good,Yes,650791
306,1353,3,3,1,1933,Downtown,Excellent,No,586181
307,4646,3,2,3,2014,Downtown,Poor,Yes,886821
308,4236,3,3,2,1954,Urban,Good,Yes,974520
309,4269,5,2,3,1958,Suburban,Poor,Yes,603069
310,1074,3,3,1,1902,Rural,Good,Yes,251451
311,3761,5,2,1,1916,Urban,Excellent,Yes,998047
312,1648,3,3,1,1977,Rural,Good,Yes,345331
313,2215,4,4,3,1977,Downtown,Excellent,Yes,930893
314,4354,5,4,3,1945,Rural,Good,Yes,645939
315,2991,5,4,3,1937,Suburban,Excellent,No,775188
316,3160,3,3,2,1934,Rural,Good,Yes,480921
317,3624,3,3,1,1900,Downtown,Fair,Yes,919885
318,3551,4,4,1,2011,Suburban,Fair,Yes,672684
319,504,2,2,1,1928,Urban,Good,No,210490
320,1376,2,2,1,1903,Suburban,Fair,Yes,299793
321,1491,4,4,1,1960,Suburban,Good,Yes,417622
322,4642,5,3,1,1996,Rural,Good,No,616813
323,4864,3,2,1,1916,Suburban,Excellent,No,1021594
324,4965,4,4,2,1927,Urban,Good,Yes,1058861
325,1135,4,2,2,1949,Downtown,Good,Yes,502561
326,2193,2,2,3,1989,Urban,Excellent,No,639345
327,2182,2,1,1,1907,Urban,Excellent,No,587074
328,619,2,2,2,1933,Suburban,Fair,Yes,200196
329,1330,4,3,2,1958,Downtown,Good,Yes,555213
330,4175,4,2,1,1917,Suburban,Good,Yes,792313
331,1869,4,4,2,1994,Downtown,Good,Yes,685195
332,1240,3,3,1,1958,Downtown,Good,Yes,546339
333,616,1,1,1,1926,Urban,Excellent,Yes,281714
334,3338,5,4,1,1915,Downtown,Good,No,1028912
335,1650,3,2,3,2021,Downtown,Good,No,636009
336,2431,2,2,2,1909,Urban,Excellent,Yes,688267
337,1512,2,2,2,2003,Downtown,Poor,Yes,382760
338,2164,3,3,3,1975,Suburban,Good,Yes,479628
339,1581,4,4,3,1921,Downtown,Good,Yes,631626
340,1012,3,3,2,1915,Suburban,Fair,Yes,280341
341,3349,5,3,2,1911,Urban,Good,Yes,770674
342,1059,2,2,2,1974,Urban,Fair,Yes,288394
343,4172,5,2,3,1983,Suburban,Excellent,Yes,959145
344,3843,4,2,3,1950,Downtown,Good,No,1062883
345,4570,3,3,3,1900,Downtown,Good,Yes,1214740
346,1970,3,2,1,1926,Suburban,Good,Yes,438401
347,1080,2,1,2,1966,Rural,Fair,No,211576
348,2794,5,4,3,1911,Downtown,Fair,Yes,821612
349,3647,5,4,1,1929,Suburban,Good,Yes,740363
350,4749,4,3,3,1908,Downtown,Good,Yes,1210181
351,2179,2,1,1,1952,Urban,Good,No,514401
352,4006,5,4,2,1960,Urban,Good,Yes,1042413
353,3244,3,3,2,1953,Urban,Good,Yes,784691
354,3856,5,3,1,1936,Rural,Good,Yes,611390
355,4545,3,3,2,1964,Suburban,Good,Yes,859664
356,1743,3,2,2,1941,Downtown,Fair,Yes,549298
357,3618,3,2,2,1948,Suburban,Good,Yes,605782
358,2641,5,4,3,1903,Urban,Excellent,No,779201
359,3559,3,3,1,1963,Urban,Fair,No,734567
360,3459,4,2,1,1978,Suburban,Good,Yes,729899
361,2765,3,2,1,1950,Urban,Good,Yes,671796
362,2979,3,3,2,1990,Urban,Good,Yes,697378
363,2135,4,4,3,1971,Rural,Good,No,405618
364,2257,3,3,1,2023,Suburban,Poor,Yes,350994
365,4952,5,3,2,1959,Urban,Good,Yes,1052700
366,2570,5,3,3,1986,Downtown,Poor,No,569181
367,3349,4,4,3,1978,Urban,Good,No,833648
368,3751,4,2,1,1990,Rural,Excellent,Yes,752603
369,4230,3,3,1,1930,Suburban,Good,No,783984
370,2989,4,4,2,2002,Urban,Fair,No,708479
371,2131,3,2,1,2010,Urban,Excellent,Yes,722177
372,3316,3,3,2,1971,Downtown,Excellent,Yes,1198308
373,1515,4,3,3,1993,Suburban,Good,No,413680
374,1848,4,2,3,1957,Downtown,Good,Yes,601292
375,3587,5,2,3,2018,Rural,Fair,Yes,533961
376,3339,4,2,3,2005,Urban,Excellent,Yes,947717
377,835,2,1,1,1981,Downtown,Good,No,386030
378,1395,4,3,2,1903,Downtown,Excellent,No,603672
379,4046,4,4,2,2010,Suburban,Good,Yes,816138
380,1351,4,2,2,2006,Suburban,Good,No,341833
381,2187,2,1,2,1921,Downtown,Excellent,No,778371
382,2431,3,2,2,1902,Suburban,Good,No,484381
383,4246,4,3,2,1978,Suburban,Fair,Yes,757541
384,2927,4,3,3,1998,Downtown,Fair,Yes,824256
385,2068,4,4,3,1946,Urban,Good,Yes,565213
386,4500,3,3,3,1937,Rural,Poor,Yes,470770
387,3238,5,2,2,1932,Urban,Good,Yes,747113
388,3998,5,4,3,1977,Urban,Good,No,960536
389,4413,4,4,3,1947,Downtown,Good,Yes,1168705
390,1566,3,3,3,1964,Suburban,Good,No,373566
391,4880,3,3,3,2016,Downtown,Excellent,Yes,1739193
392,2944,5,4,1,2012,Urban,Fair,Yes,727635
393,4607,3,3,2,1925,Rural,Good,Yes,674475
394,3873,4,3,2,1907,Urban,Poor,Yes,679898
395,4469,4,3,1,1949,Rural,Good,Yes,572807
396,3046,3,3,3,1979,Urban,Excellent,No,856891
397,1253,2,2,2,1937,Suburban,Excellent,Yes,372513
398,2582,4,2,3,1909,Suburban,Good,Yes,542508
399,3274,4,2,2,1941,Downtown,Good,Yes,988291
400,3396,5,3,2,1936,Downtown,Excellent,Yes,1192395
401,4685,5,4,2,1925,Urban,Excellent,Yes,1307754
402,1275,3,3,1,1991,Suburban,Excellent,Yes,434187
403,2125,2,2,2,1911,Suburban,Good,Yes,458588
404,3569,5,2,1,1983,Suburban,Excellent,No,804834
405,917,2,1,1,1948,Suburban,Fair,Yes,231193
406,614,2,1,2,1913,Suburban,Fair,No,158114
407,1116,2,1,1,1945,Suburban,Poor,Yes,215187
408,4474,4,3,1,1934,Suburban,Fair,No,711410
409,3767,3,2,3,1928,Urban,Good,Yes,836210
410,1325,4,3,2,1911,Suburban,Excellent,Yes,422669
411,2016,4,2,3,2015,Urban,Good,Yes,599600
412,3646,4,2,2,1981,Rural,Good,No,592225
413,912,1,1,2,1943,Rural,Good,Yes,198671
414,1228,2,1,1,1965,Rural,Good,Yes,244713
415,3848,4,2,2,1901,Suburban,Good,Yes,694606
416,3308,3,3,3,1958,Downtown,Excellent,Yes,1181983
417,1175,3,3,1,1916,Suburban,Good,Yes,318997
418,3965,3,3,1,1909,Suburban,Good,Yes,724987
419,3004,3,3,1,1917,Rural,Good,Yes,472632
420,3467,4,3,1,1921,Urban,Excellent,Yes,917224
421,3286,4,2,2,1982,Downtown,Fair,Yes,916534
422,1622,2,2,3,1957,Downtown,Good,Yes,574513
423,4579,4,2,2,1952,Downtown,Good,Yes,1304195
424,2071,4,3,1,1900,Urban,Good,No,523984
425,2643,4,3,3,1987,Urban,Excellent,Yes,787376
426,2187,2,1,1,1960,Rural,Good,No,344153
427,4632,3,2,2,1999,Rural,Good,Yes,682160
428,4351,4,3,2,1988,Downtown,Excellent,No,1511327
429,3940,5,3,2,1999,Suburban,Good,Yes,711122
430,4266,5,3,3,1930,Downtown,Good,Yes,1210478
431,2826,5,4,3,1930,Suburban,Good,Yes,616974
432,3414,3,2,1,1965,Rural,Fair,No,445540
433,4452,4,4,3,1918,Suburban,Good,Yes,832840
434,1095,3,3,2,1952,Urban,Fair,Yes,337349
435,1228,3,2,1,1975,Suburban,Excellent,Yes,396959
436,1865,2,2,1,1973,Downtown,Good,Yes,629497
437,4992,5,4,2,1994,Downtown,Fair,Yes,1260842
438,1198,3,3,2,2008,Suburban,Good,Yes,376653
439,895,2,1,2,1921,Urban,Good,Yes,281767
440,4671,5,3,3,1922,Downtown,Fair,Yes,1126310
441,4860,3,3,2,2015,Urban,Fair,No,1054478
442,3002,4,4,3,1986,Urban,Good,Yes,805886
443,2319,4,2,3,1914,Suburban,Good,Yes,440211
444,1217,2,1,1,1925,Urban,Good,No,321866
445,3282,4,4,1,1902,Suburban,Good,Yes,653953
446,4077,3,3,2,1986,Urban,Good,Yes,955133
447,643,1,1,1,1919,Urban,Good,No,200278
448,3640,3,3,3,2008,Rural,Good,Yes,626277
449,4991,5,2,1,1939,Suburban,Good,Yes,943961
450,3438,5,3,2,2020,Suburban,Good,No,728848
451,4136,5,2,2,1938,Downtown,Excellent,No,1425906
452,3722,4,2,3,2019,Downtown,Good,Yes,1136749
453,1667,3,2,1,1971,Urban,Excellent,Yes,591289
454,3116,4,3,3,1917,Rural,Good,Yes,540398
455,1562,2,1,2,1940,Suburban,Fair,Yes,334687
456,2656,4,4,1,1969,Downtown,Good,Yes,854829
457,3482,5,3,3,1926,Suburban,Good,Yes,707553
458,3794,5,4,2,1999,Suburban,Good,No,741139
459,1656,3,2,3,1914,Suburban,Good,No,368460
460,1232,3,3,1,1936,Downtown,Excellent,Yes,608437
461,4830,5,3,3,1957,Urban,Good,Yes,1023305
462,1453,4,4,2,1904,Downtown,Good,Yes,557244
463,3039,4,2,2,2002,Suburban,Fair,Yes,580499
464,3824,3,3,2,1972,Urban,Excellent,Yes,1050635
465,3801,3,2,2,1906,Suburban,Excellent,No,823235
466,2042,4,3,2,1940,Urban,Good,Yes,578985
467,1691,4,3,1,1983,Urban,Good,No,504736
468,3493,4,2,3,1909,Urban,Good,Yes,796155
469,3181,5,4,2,1961,Suburban,Fair,Yes,648937
470,1717,2,1,1,1925,Suburban,Good,Yes,375379
471,2040,3,2,3,1967,Urban,Fair,Yes,499633
472,3736,3,2,1,2001,Urban,Good,No,823633
473,2886,4,4,1,1923,Suburban,Good,No,601940
474,4219,5,3,2,1977,Downtown,Good,Yes,1246852
475,1888,4,3,2,1940,Downtown,Good,Yes,693849
476,2356,2,1,3,1964,Downtown,Excellent,Yes,869416
477,1865,3,3,3,1916,Suburban,Fair,No,326709
478,999,1,1,2,2008,Downtown,Good,No,390326
479,2180,3,2,1,1923,Suburban,Fair,Yes,428027
480,1010,3,3,1,1926,Urban,Poor,Yes,240223
481,4812,5,4,3,1906,Suburban,Fair,Yes,818081
482,1824,4,2,1,1972,Urban,Good,Yes,528739
483,1655,3,3,1,2006,Urban,Good,Yes,515219
484,2327,3,3,1,1998,Downtown,Excellent,Yes,949813
485,3641,3,3,2,2021,Urban,Good,No,835911
486,3986,3,3,2,1911,Urban,Poor,Yes,616328
487,2310,3,3,3,1984,Suburban,Good,Yes,504756
488,3423,3,2,1,1902,Downtown,Fair,No,823396
489,2714,4,3,1,1978,Suburban,Good,Yes,577842
490,4686,5,3,2,1984,Rural,Fair,Yes,635063
491,1213,4,4,2,1909,Urban,Good,Yes,422300
492,4102,5,2,3,1932,Downtown,Good,Yes,1150548
493,4634,5,4,1,1945,Urban,Excellent,Yes,1312370
494,4022,5,3,2,1958,Suburban,Good,Yes,842377
495,4768,5,2,1,1951,Suburban,Excellent,No,1074604
496,1743,3,2,2,1905,Urban,Fair,Yes,423419
497,4209,3,3,3,1901,Suburban,Excellent,No,909641
498,1581,2,1,1,1928,Urban,Good,Yes,432195
499,955,1,1,1,2018,Urban,Fair,No,297415
500,1394,4,2,2,1939,Urban,Good,Yes,445986
501,1884,3,2,3,1996,Downtown,Fair,Yes,620305
502,2458,4,2,1,1960,Urban,Good,Yes,624015
503,3572,3,2,3,1967,Rural,Fair,Yes,525735
504,2496,3,2,2,2022,Downtown,Good,Yes,834067
505,4785,5,3,3,1967,Suburban,Excellent,No,1059992
506,1004,2,2,2,1928,Suburban,Poor,Yes,185363
507,1714,2,1,3,2000,Urban,Good,Yes,488150
508,2031,3,2,3,1961,Urban,Good,Yes,566860
509,3940,4,3,1,1959,Downtown,Excellent,No,1376880
510,1323,2,1,2,2023,Rural,Good,Yes,291602
511,1428,4,4,1,1983,Downtown,Good,No,602354
512,633,1,2,2,1940,Urban,Good,No,251390
513,2605,4,4,2,1986,Suburban,Fair,Yes,523788
514,4127,5,3,1,2008,Suburban,Poor,Yes,531713
515,2352,2,2,2,1981,Downtown,Good,No,762652
516,4675,5,2,3,2012,Downtown,Poor,Yes,917719
517,3433,4,4,1,1988,Urban,Good,Yes,830283
518,3784,5,2,1,1964,Suburban,Good,No,658614
519,4798,3,2,1,2017,Downtown,Good,No,1348499
520,3311,3,3,2,1963,Downtown,Fair,No,817380
521,1750,2,2,2,1978,Downtown,Excellent,Yes,724064
522,4012,3,3,3,1962,Urban,Excellent,Yes,1121896
523,1756,4,2,3,1997,Urban,Fair,Yes,491545
524,3876,3,2,1,1947,Downtown,Good,Yes,1062750
525,3986,4,4,3,1919,Suburban,Good,Yes,755400
526,4084,3,3,2,2017,Downtown,Poor,Yes,807864
527,1896,3,3,3,1936,Rural,Good,Yes,335248
528,4137,3,3,2,1963,Rural,Fair,No,563219
529,3830,5,3,3,1990,Urban,Excellent,No,1068970
530,3203,3,3,2,1985,Rural,Excellent,No,605590
531,970,2,2,1,2014,Urban,Good,Yes,352086
532,1853,3,2,3,1904,Urban,Good,Yes,500490
533,3283,3,2,3,1933,Suburban,Excellent,No,751172
534,3331,3,3,2,1938,Suburban,Excellent,Yes,804741
535,857,1,1,1,1966,Downtown,Excellent,Yes,462459
536,3519,3,2,3,1980,Suburban,Fair,Yes,590444
537,1167,2,2,1,1961,Urban,Fair,Yes,334346
538,4968,4,4,3,1987,Downtown,Good,Yes,1324753
539,1645,3,3,3,1923,Suburban,Good,No,433015
540,4685,4,2,3,1902,Suburban,Poor,No,566309
541,4219,5,2,3,2008,Downtown,Poor,Yes,909255
542,3245,3,2,3,1970,Suburban,Excellent,Yes,730161
543,1039,3,2,1,1988,Rural,Excellent,No,306834
544,3279,4,3,1,2019,Urban,Good,Yes,893732
545,4636,4,3,1,1966,Urban,Excellent,Yes,1249361
546,4275,3,2,2,1978,Suburban,Good,No,744611
547,3008,5,4,1,1992,Suburban,Excellent,No,769762
548,3279,4,4,1,1949,Downtown,Good,No,908671
549,1424,3,3,1,1928,Rural,Fair,Yes,257541
550,3456,5,4,1,1973,Downtown,Good,Yes,1105703
551,2081,2,2,3,1931,Downtown,Good,No,631721
552,3824,3,2,1,1986,Urban,Good,Yes,872482
553,4985,5,3,1,1938,Downtown,Fair,No,1242526
554,755,1,1,1,1908,Suburban,Excellent,Yes,250816
555,2338,2,1,3,2000,Downtown,Fair,No,611583
556,2444,2,1,3,2015,Downtown,Fair,Yes,705733
557,509,2,2,2,2003,Downtown,Good,Yes,382296
558,3371,3,2,3,1913,Downtown,Good,Yes,905596
559,1297,3,2,2,1967,Urban,Good,Yes,415042
560,1515,2,1,3,1963,Urban,Good,Yes,459982
561,2324,3,3,3,1919,Suburban,Good,Yes,515274
562,4969,3,3,3,1927,Rural,Good,No,677423
563,3636,3,3,3,1913,Downtown,Good,Yes,1031234
564,2693,3,2,2,1943,Suburban,Poor,Yes,381059
565,723,1,1,1,1997,Downtown,Good,Yes,357361
566,4658,4,2,1,1976,Urban,Excellent,No,1221850
567,4425,5,4,3,1994,Suburban,Poor,Yes,599604
568,4500,4,3,3,1996,Urban,Good,Yes,1041586
569,2133,2,2,3,2015,Urban,Excellent,No,661247
570,2652,4,4,1,1938,Suburban,Good,Yes,534387
571,1010,3,2,1,1927,Urban,Good,Yes,340245
572,884,2,2,2,1963,Rural,Excellent,Yes,284310
573,904,2,1,1,1988,Suburban,Fair,No,236515
574,2500,5,3,2,1931,Suburban,Poor,Yes,370321
575,3256,3,3,3,1908,Urban,Excellent,No,899035
576,2168,4,4,3,1927,Urban,Excellent,No,682674
577,1960,3,2,2,2021,Downtown,Good,Yes,753075
578,4136,3,3,2,1994,Suburban,Good,No,783247
579,3224,3,2,1,1916,Suburban,Excellent,Yes,753581
580,4678,4,2,2,2016,Suburban,Good,Yes,855735
581,2548,5,3,3,1986,Downtown,Fair,Yes,791987
582,4646,3,2,1,1976,Rural,Poor,No,481323
583,1216,2,2,2,1954,Urban,Good,Yes,381223
584,2323,3,3,1,1909,Suburban,Excellent,Yes,568975
585,2581,4,2,1,1979,Urban,Excellent,Yes,782888
586,3919,4,4,1,1905,Rural,Excellent,Yes,723899
587,2074,3,3,1,1947,Downtown,Excellent,Yes,852250
588,749,2,1,2,1974,Suburban,Good,Yes,244879
589,1173,4,3,1,2021,Suburban,Good,Yes,382656
590,2665,4,4,3,2015,Urban,Good,Yes,731172
591,1270,2,1,1,1966,Downtown,Good,Yes,482255
592,4462,4,2,3,1991,Rural,Good,Yes,666734
593,4863,4,2,1,1940,Suburban,Poor,No,605191
594,2484,2,2,1,1978,Suburban,Excellent,No,674926
595,1577,3,2,1,1959,Suburban,Good,Yes,390816
596,735,1,1,2,1976,Downtown,Good,Yes,359981
597,888,1,2,1,1941,Urban,Good,No,290446
598,3537,4,4,1,2015,Rural,Good,No,571299
599,2348,4,2,2,2019,Suburban,Fair,Yes,520643
600,3314,4,4,1,2008,Rural,Excellent,Yes,665904
601,3874,3,2,1,1980,Urban,Fair,Yes,837559
602,3778,4,4,3,1970,Suburban,Fair,Yes,666869
603,1752,2,1,2,1927,Urban,Good,Yes,430762
604,4481,3,3,1,2001,Suburban,Good,No,853972
605,2622,5,4,1,1912,Suburban,Excellent,Yes,644531
606,2650,5,2,1,2023,Downtown,Excellent,Yes,1092014
607,1829,4,3,1,1980,Urban,Excellent,No,607812
608,1858,4,4,3,1914,Downtown,Fair,No,565237
609,2982,3,2,3,1935,Urban,Poor,No,437074
610,2517,3,3,3,1991,Urban,Good,No,722978
611,1831,4,3,3,1914,Downtown,Fair,Yes,536866
612,4844,3,3,2,2009,Suburban,Excellent,No,1076960
613,4761,5,2,1,2016,Suburban,Good,No,947379
614,1858,2,1,3,1974,Suburban,Excellent,Yes,515849
615,3677,3,2,1,1955,Suburban,Fair,Yes,657320
616,2628,3,3,2,1994,Suburban,Good,Yes,563362
617,2680,5,4,1,1903,Suburban,Good,No,588756
618,637,2,2,1,1998,Downtown,Fair,Yes,353187
619,3972,5,2,3,1997,Downtown,Good,Yes,1183105
620,3332,4,4,3,1951,Downtown,Good,Yes,1025429
621,4079,5,4,2,1990,Urban,Good,Yes,971589
622,3531,4,2,1,1909,Rural,Good,Yes,501040
623,4664,3,2,3,1993,Suburban,Poor,Yes,658155
624,3093,3,2,3,1944,Suburban,Good,No,628657
625,4800,4,4,3,1983,Downtown,Good,Yes,1331987
626,4318,3,3,2,1928,Suburban,Poor,Yes,548910
627,4638,4,3,1,2021,Downtown,Good,Yes,1339474
628,4323,3,2,3,1952,Urban,Fair,Yes,855655
629,4542,5,2,1,1928,Rural,Good,Yes,670074
630,2406,3,3,2,1922,Downtown,Fair,Yes,702014
631,1260,3,2,1,1956,Urban,Good,Yes,391207
632,3945,5,2,3,1949,Downtown,Good,Yes,1101550
633,1399,2,2,2,1920,Suburban,Good,Yes,348256
634,4955,3,3,1,2011,Downtown,Excellent,Yes,1652390
635,3447,4,4,2,1942,Suburban,Good,Yes,648356
636,2219,3,3,2,1909,Downtown,Good,Yes,691528
637,780,2,1,1,2004,Suburban,Excellent,Yes,315058
638,3766,5,4,1,1975,Suburban,Good,No,808742
639,2387,4,4,1,1929,Suburban,Good,No,534159
640,3766,3,2,2,1950,Urban,Good,Yes,890493
641,1166,3,3,1,1932,Rural,Good,Yes,270102
642,4688,3,3,1,1917,Suburban,Good,Yes,881860
643,1171,4,4,2,1977,Downtown,Fair,Yes,483537
644,2469,4,2,3,1921,Suburban,Good,No,489936
645,4656,4,4,2,1963,Rural,Fair,No,581931
646,3622,3,2,2,1920,Suburban,Good,No,650382
647,4400,5,2,2,1900,Suburban,Fair,No,732417
648,1023,4,4,1,2012,Downtown,Good,No,523513
649,2893,4,4,3,2006,Suburban,Good,Yes,680930
650,3617,5,4,3,2015,Suburban,Good,Yes,720358
651,3093,5,4,1,2023,Rural,Good,No,555604
652,2468,4,2,1,1914,Rural,Excellent,Yes,455294
653,2253,3,2,3,1935,Downtown,Good,Yes,713838
654,2796,5,2,1,1946,Suburban,Good,Yes,602366
655,2761,3,2,1,1953,Downtown,Excellent,No,974529
656,2786,4,2,1,1985,Suburban,Good,Yes,605228
657,4702,4,2,3,1931,Rural,Good,Yes,639781
658,3378,5,4,2,1957,Suburban,Fair,No,558048
659,4643,3,3,3,1945,Suburban,Good,No,858205
660,4144,5,4,3,1953,Downtown,Excellent,No,1502400
661,4932,5,4,1,1932,Urban,Good,Yes,1057549
662,2555,3,2,1,2021,Urban,Good,Yes,708773
663,1776,2,2,2,2004,Suburban,Good,No,413295
664,3266,4,4,2,2022,Downtown,Excellent,Yes,1221012
665,802,2,1,2,1938,Suburban,Fair,Yes,200150
666,1138,4,2,2,1922,Rural,Good,Yes,248793
667,555,1,2,1,1942,Suburban,Fair,Yes,179118
668,1025,3,2,2,1954,Suburban,Good,Yes,281057
669,4623,3,3,3,1901,Suburban,Good,Yes,756346
670,2625,3,2,1,1965,Urban,Poor,Yes,435561
671,3787,4,2,2,1937,Suburban,Good,No,707339
672,864,2,2,1,2018,Downtown,Good,Yes,446310
673,2146,3,2,1,2014,Suburban,Fair,Yes,436008
674,1418,3,3,2,1928,Urban,Good,Yes,432699
675,3297,4,4,2,2015,Urban,Fair,Yes,797338
676,2031,2,2,3,2009,Rural,Good,No,371450
677,3845,4,3,1,2023,Suburban,Good,Yes,774614
678,2406,2,1,2,1966,Downtown,Good,No,735933
679,3586,4,4,1,2002,Rural,Good,Yes,558634
680,2575,5,4,1,1970,Suburban,Good,Yes,577848
681,1213,4,3,2,1935,Urban,Poor,Yes,282706
682,1562,2,2,2,1928,Urban,Excellent,Yes,493342
683,2476,2,1,2,2018,Suburban,Good,Yes,516643
684,1796,2,1,3,1936,Downtown,Poor,Yes,365295
685,625,2,1,1,2012,Urban,Excellent,Yes,377477
686,4096,5,2,1,2021,Urban,Fair,No,825367
687,3783,4,3,2,1999,Suburban,Good,No,801870
688,2103,3,2,1,1986,Suburban,Good,Yes,478331
689,566,2,2,2,1944,Downtown,Good,Yes,329524
690,732,2,1,1,1915,Downtown,Excellent,Yes,380869
691,2656,5,2,1,2011,Suburban,Good,No,583908
692,1669,2,2,1,1930,Suburban,Poor,Yes,273733
693,2658,5,2,2,1933,Rural,Excellent,Yes,549948
694,4706,5,4,3,1949,Urban,Excellent,Yes,1320524
695,1993,4,2,2,1964,Urban,Good,Yes,543746
696,4507,4,4,2,1981,Suburban,Good,Yes,849025
697,2972,3,2,2,2021,Downtown,Poor,Yes,607919
698,3160,5,2,3,1961,Rural,Good,No,519242
699,3239,4,4,3,2003,Suburban,Poor,No,509294
700,2261,2,2,3,1942,Downtown,Poor,Yes,529302
701,4014,4,4,2,1955,Suburban,Good,Yes,794313
702,2475,2,2,3,2019,Rural,Fair,Yes,368509
703,2862,3,3,1,1914,Rural,Poor,No,262423
704,1376,2,2,1,1947,Downtown,Good,No,502720
705,4312,5,3,2,1948,Rural,Fair,Yes,519234
706,3948,4,4,2,1980,Suburban,Fair,Yes,693563
707,1812,4,4,1,1943,Downtown,Poor,Yes,463778
708,1960,2,1,3,1909,Urban,Fair,Yes,425819
709,3209,5,3,3,1919,Rural,Good,Yes,514602
710,2824,4,2,1,1969,Suburban,Excellent,No,690472
711,2233,2,2,2,1907,Suburban,Good,Yes,395224
712,2105,2,1,2,1944,Urban,Good,Yes,522008
713,3063,3,3,3,1933,Urban,Poor,No,431248
714,3921,3,3,3,1995,Rural,Poor,Yes,456843
715,4017,5,2,3,1950,Suburban,Fair,No,655535
716,2897,5,3,3,2017,Rural,Good,Yes,447396
717,4235,4,3,3,2005,Rural,Good,No,617872
718,3370,4,3,2,1903,Downtown,Good,Yes,953957
719,1660,2,1,2,2007,Urban,Good,Yes,502291
720,742,2,1,2,2013,Suburban,Fair,Yes,240776
721,3090,4,2,2,1938,Suburban,Good,Yes,621773
722,1563,2,2,1,1983,Urban,Good,Yes,483790
723,4824,4,4,2,1923,Downtown,Good,No,1305453
724,3095,3,2,1,1987,Suburban,Good,No,634819
725,1419,3,3,1,1954,Rural,Good,Yes,308848
726,505,1,1,2,1925,Downtown,Excellent,Yes,305142
727,967,1,2,1,1924,Suburban,Excellent,No,307013
728,4670,3,3,3,1935,Rural,Good,No,607973
729,503,1,2,2,1970,Suburban,Good,Yes,218369
730,1145,4,3,1,1973,Suburban,Fair,No,275471
731,617,2,1,1,1957,Suburban,Excellent,Yes,267764
732,3428,5,3,1,2010,Suburban,Good,Yes,785851
733,3051,5,4,1,1911,Urban,Fair,Yes,669734
734,4789,4,4,1,1900,Urban,Good,No,1016643
735,1346,4,3,2,2015,Suburban,Fair,Yes,372123
736,3262,5,4,1,1949,Urban,Good,Yes,801260
737,1641,4,3,3,1924,Suburban,Good,Yes,434075
738,2310,2,1,2,1979,Suburban,Good,Yes,487497
739,1223,3,3,1,1904,Urban,Poor,Yes,260992
740,724,2,2,1,1982,Urban,Excellent,Yes,365803
741,4708,5,4,1,1967,Suburban,Good,Yes,861291
742,2548,4,2,3,1905,Downtown,Excellent,Yes,909007
743,4915,3,3,1,1925,Downtown,Good,No,1283445
744,2073,3,3,2,2012,Suburban,Good,Yes,486175
745,2328,3,3,1,2002,Suburban,Good,No,499212
746,2417,3,3,1,2019,Urban,Fair,Yes,653758
747,4734,5,3,2,1954,Downtown,Fair,Yes,1153966
748,2526,5,2,2,1938,Urban,Good,Yes,648106
749,4244,4,3,1,1908,Suburban,Fair,Yes,726151
750,1401,2,1,1,1944,Suburban,Excellent,Yes,404877
751,2539,5,3,2,2015,Suburban,Poor,No,400362
752,509,2,2,1,1913,Downtown,Good,No,263147
753,760,2,1,1,2011,Rural,Good,Yes,218878
754,2173,3,3,2,1954,Downtown,Good,Yes,732174
755,2719,3,2,1,1908,Suburban,Good,No,509171
756,2560,5,2,1,1914,Urban,Fair,Yes,532182
757,4213,4,3,3,1936,Urban,Good,Yes,930986
758,2119,4,4,1,1949,Suburban,Good,No,452813
759,820,1,2,2,2016,Suburban,Good,No,256160
760,1842,4,3,2,1983,Urban,Good,Yes,551297
761,2876,4,4,2,1971,Rural,Excellent,Yes,605954
762,3332,3,3,1,1995,Rural,Excellent,Yes,710217
763,3324,5,2,2,2010,Suburban,Good,No,659393
764,2494,4,2,2,1920,Rural,Good,No,417772
765,3458,3,2,3,1956,Downtown,Good,Yes,1008504
766,2538,5,2,3,2004,Downtown,Good,No,871124
767,3990,4,2,3,1918,Urban,Excellent,No,1059747
768,4177,5,2,1,1992,Downtown,Fair,Yes,1055427
769,1618,4,3,2,1957,Downtown,Good,No,561580
770,2104,3,2,2,1994,Downtown,Good,Yes,729662
771,4527,5,4,2,2017,Suburban,Good,Yes,877152
772,735,2,2,2,1905,Urban,Good,Yes,255966
773,2469,3,3,2,1903,Urban,Good,No,554501
774,4929,3,3,2,1942,Downtown,Good,Yes,1344079
775,2408,4,2,2,1992,Suburban,Excellent,Yes,682731
776,875,2,2,2,1941,Rural,Good,No,191578
777,4030,5,4,2,1902,Urban,Fair,Yes,852218
778,3135,3,3,1,1900,Suburban,Fair,No,524627
779,2070,3,2,2,2007,Rural,Poor,Yes,240308
780,3060,5,2,1,1954,Urban,Good,Yes,772412
781,3891,5,4,2,1914,Downtown,Good,Yes,1090045
782,3465,3,3,1,1946,Downtown,Fair,No,890025
783,4143,5,4,2,1984,Downtown,Good,Yes,1225819
784,4350,3,2,2,1945,Urban,Good,Yes,987585
785,1372,2,1,1,1957,Downtown,Fair,No,410270
786,1752,4,2,2,1994,Suburban,Good,Yes,447083
787,1814,2,2,3,1970,Downtown,Excellent,No,705138
788,3398,5,2,2,1980,Rural,Good,No,521743
789,577,1,1,2,2019,Suburban,Good,Yes,193417
790,3121,5,3,3,1982,Rural,Good,Yes,595606
791,4727,3,2,3,1938,Rural,Good,Yes,700545
792,1100,2,1,2,2023,Downtown,Good,Yes,473414
793,1565,3,2,1,1902,Suburban,Good,No,320645
794,2636,5,3,1,1929,Downtown,Excellent,No,969091
795,2949,3,3,3,1934,Rural,Excellent,Yes,587359
796,2843,5,3,1,2021,Suburban,Good,Yes,579016
797,2363,4,3,2,1956,Downtown,Fair,Yes,703058
798,1818,2,2,2,1928,Downtown,Good,Yes,627254
799,4097,4,4,2,1949,Suburban,Good,Yes,747993
800,4262,4,4,2,1961,Rural,Good,Yes,661487
801,2690,4,2,2,1951,Urban,Fair,Yes,662460
802,1492,4,3,2,2017,Rural,Poor,Yes,249953
803,3212,5,2,2,1913,Suburban,Good,No,616155
804,2692,4,3,2,1934,Downtown,Fair,Yes,772281
805,1748,3,3,3,1927,Rural,Good,No,305509
806,3554,5,3,3,1957,Downtown,Good,Yes,1114231
807,4533,4,4,3,1929,Rural,Good,No,649339
808,2497,2,2,1,1989,Suburban,Poor,Yes,319377
809,4187,5,2,1,1906,Downtown,Fair,No,1004545
810,2651,5,3,2,1938,Urban,Fair,No,570149
811,4518,4,2,2,1994,Rural,Fair,Yes,602872
812,3610,5,4,2,1968,Rural,Good,Yes,581428
813,2470,3,3,1,1934,Downtown,Good,No,785395
814,697,2,1,2,2013,Downtown,Fair,No,336567
815,3126,4,4,2,2010,Suburban,Poor,No,472043
816,1702,2,1,1,1951,Urban,Fair,No,391771
817,2535,4,3,3,1913,Urban,Excellent,Yes,732814
818,977,1,1,2,1962,Downtown,Good,Yes,369609
819,1754,3,2,2,1935,Rural,Excellent,Yes,385792
820,1422,3,2,2,1990,Urban,Excellent,No,536107
821,919,2,1,1,1923,Urban,Good,Yes,294367
822,2704,4,4,3,1939,Suburban,Good,Yes,563041
823,3097,5,3,3,1928,Suburban,Fair,No,567368
824,1620,3,2,3,1952,Rural,Good,No,296846
825,3568,3,3,3,2008,Suburban,Fair,Yes,707619
826,1450,2,1,1,1921,Rural,Excellent,Yes,331107
827,2836,4,4,2,1971,Rural,Poor,Yes,372516
828,2743,4,3,2,1914,Urban,Good,Yes,691967
829,3145,4,3,1,2012,Suburban,Poor,No,415453
830,2357,3,2,2,1968,Downtown,Excellent,Yes,928085
831,2365,3,3,3,2015,Downtown,Good,No,802315
832,3412,5,3,2,1963,Downtown,Good,No,1039547
833,3353,5,4,1,1903,Downtown,Good,Yes,1017245
834,3728,3,2,3,1974,Suburban,Good,Yes,731051
835,4219,3,2,2,1917,Suburban,Good,Yes,861005
836,3728,4,2,2,1941,Suburban,Excellent,Yes,847798
837,2871,4,2,1,2012,Suburban,Poor,Yes,459076
838,3391,5,4,3,1929,Downtown,Excellent,No,1192265
839,4256,4,3,1,1914,Downtown,Good,Yes,1210095
840,4725,4,3,3,1969,Urban,Excellent,No,1292545
841,594,1,2,2,1954,Suburban,Good,Yes,218746
842,3174,3,2,2,1952,Suburban,Good,Yes,671687
843,2455,3,2,1,1915,Urban,Excellent,No,669628
844,1293,2,2,1,2010,Urban,Good,Yes,421185
845,2334,3,3,1,2003,Suburban,Good,Yes,538096
846,2616,3,2,3,1972,Urban,Poor,Yes,483263
847,4606,3,3,1,2006,Rural,Fair,Yes,637643
848,3825,3,3,3,2022,Urban,Good,No,949164
849,3419,3,2,1,1933,Suburban,Good,Yes,627396
850,3097,4,2,1,1926,Urban,Good,Yes,694125
851,3705,5,2,2,1912,Downtown,Fair,Yes,956577
852,1314,3,3,2,1999,Suburban,Good,No,361201
853,845,2,2,2,1926,Rural,Good,Yes,205345
854,2849,4,2,2,1972,Suburban,Good,Yes,591559
855,862,1,2,1,1968,Rural,Excellent,Yes,247604
856,2943,5,4,1,2014,Suburban,Good,Yes,659028
857,2765,3,3,1,1985,Rural,Poor,Yes,330247
858,2688,4,4,1,1930,Suburban,Excellent,Yes,676958
859,3505,5,3,2,1902,Downtown,Good,Yes,1009894
860,3781,4,3,1,1929,Suburban,Good,Yes,708370
861,1484,4,4,1,1920,Suburban,Fair,Yes,362914
862,2139,4,4,3,1998,Downtown,Good,No,766702
863,1327,3,3,2,1905,Urban,Fair,No,378786
864,3230,4,2,2,1991,Suburban,Good,Yes,664175
865,4031,4,3,3,1931,Urban,Poor,Yes,618815
866,4951,3,2,3,1941,Suburban,Fair,Yes,909729
867,3435,5,3,2,2000,Downtown,Poor,No,750815
868,4376,3,2,3,1961,Rural,Fair,Yes,619402
869,626,2,1,2,1988,Suburban,Fair,No,204420
870,3677,3,2,3,1931,Urban,Good,Yes,844164
871,3556,5,3,2,1998,Urban,Poor,Yes,635297
872,1103,3,2,1,1985,Suburban,Good,No,294760
873,3949,3,3,1,1987,Rural,Fair,No,555148
874,4646,3,2,3,1938,Urban,Excellent,No,1126343
875,4033,3,3,3,1963,Suburban,Excellent,Yes,914380
876,3867,4,2,1,2017,Rural,Fair,Yes,525333
877,3868,3,2,1,1929,Downtown,Good,Yes,1083038
878,4297,4,3,1,1962,Suburban,Poor,Yes,584976
879,2292,3,3,1,2013,Rural,Excellent,Yes,522469
880,3361,5,4,2,1995,Urban,Good,Yes,867630
881,3976,4,2,2,1930,Urban,Poor,Yes,599926
882,3917,4,2,3,1986,Urban,Good,Yes,901743
883,2145,4,4,3,1939,Urban,Poor,No,424625
884,1705,2,1,3,1932,Rural,Good,No,301888
885,3530,5,2,2,1962,Suburban,Good,Yes,660251
886,3372,3,2,3,1924,Downtown,Good,Yes,907603
887,3572,4,4,3,1935,Suburban,Good,Yes,681175
888,2354,2,2,2,1923,Urban,Fair,No,519255
889,4521,4,2,3,1994,Downtown,Fair,Yes,1204076
890,3208,3,2,2,1957,Downtown,Fair,No,800120
891,4002,4,3,2,1938,Suburban,Excellent,No,905812
892,1832,2,2,1,1945,Rural,Fair,Yes,328427
893,701,1,1,1,1976,Urban,Good,Yes,280648
894,4007,5,3,2,1909,Suburban,Good,No,794256
895,4712,3,3,2,1986,Downtown,Fair,Yes,1232315
896,1074,3,3,2,1981,Suburban,Good,Yes,318146
897,1036,3,3,1,1931,Downtown,Good,No,427625
898,2125,4,2,3,1996,Downtown,Good,Yes,744460
899,2622,5,2,3,1935,Rural,Good,No,430625
900,885,2,1,1,1927,Rural,Good,No,193058
901,3781,5,4,1,1915,Downtown,Good,No,1098742
902,974,2,1,2,1915,Downtown,Good,Yes,341312
903,917,1,1,1,1917,Suburban,Good,Yes,218737
904,4100,3,2,1,1907,Suburban,Poor,Yes,437231
905,1454,2,2,2,2005,Downtown,Good,No,550097
906,1705,4,4,3,1979,Suburban,Poor,No,308485
907,4620,4,3,1,2018,Downtown,Fair,Yes,1217984
908,2490,2,1,2,2019,Urban,Good,Yes,611308
909,4072,5,3,2,1974,Urban,Excellent,Yes,1176692
910,4880,4,2,2,1969,Urban,Excellent,No,1299453
911,4658,4,3,3,1900,Suburban,Poor,No,525534
912,3213,3,2,3,1961,Rural,Good,No,447973
913,2703,3,3,2,1975,Rural,Good,No,447156
914,3620,4,4,3,2020,Downtown,Fair,No,1066736
915,1466,4,4,2,1937,Downtown,Good,No,596589
916,3932,3,2,1,1991,Suburban,Good,Yes,775126
917,1188,2,1,2,1944,Downtown,Excellent,Yes,524660
918,4743,3,3,2,1957,Suburban,Poor,No,637120
919,4201,5,3,3,1980,Suburban,Fair,Yes,720799
920,841,1,1,1,1900,Suburban,Excellent,Yes,248176
921,2224,4,3,2,1931,Suburban,Good,Yes,439170
922,4922,4,4,2,1907,Suburban,Excellent,Yes,1078264
923,2292,4,3,3,2017,Rural,Poor,Yes,287610
924,2259,3,3,3,1939,Downtown,Good,Yes,736312
925,3712,4,2,3,1955,Urban,Good,Yes,775678
926,1489,3,2,2,1962,Downtown,Poor,Yes,395060
927,2762,4,4,2,2006,Downtown,Good,Yes,856872
928,2982,5,2,1,2009,Suburban,Good,No,659842
929,1451,4,2,2,1987,Downtown,Fair,Yes,536492
930,1222,3,2,2,1973,Downtown,Fair,Yes,452868
931,3889,4,2,2,2010,Downtown,Good,Yes,1172193
932,2579,4,4,2,2002,Suburban,Good,Yes,562689
933,3217,5,2,3,2002,Urban,Excellent,Yes,970852
934,2832,5,4,3,1973,Downtown,Good,No,938163
935,3876,4,4,1,1935,Urban,Fair,No,681843
936,2000,4,3,3,1988,Downtown,Excellent,Yes,862490
937,785,1,2,1,2023,Urban,Excellent,Yes,400382
938,3995,4,3,2,2013,Suburban,Poor,Yes,550052
939,2565,4,3,2,2022,Urban,Good,No,727755
940,1268,4,2,1,1956,Rural,Fair,No,220516
941,3557,3,2,2,1973,Rural,Poor,Yes,364933
942,4789,4,2,2,1982,Downtown,Fair,Yes,1115611
943,2661,3,3,1,2009,Rural,Fair,No,453165
944,3793,4,3,2,1944,Downtown,Excellent,No,1281681
945,1446,3,3,2,1978,Rural,Good,Yes,301368
946,3835,3,3,2,1979,Suburban,Excellent,No,874982
947,4650,3,2,1,1901,Suburban,Good,Yes,842513
948,1981,2,2,1,1992,Downtown,Good,Yes,685817
949,2401,2,2,1,1967,Downtown,Good,No,796037
950,3951,3,2,3,2016,Urban,Excellent,Yes,1125424
951,4564,5,4,1,1949,Rural,Good,No,665742
952,554,1,2,2,1928,Urban,Good,Yes,230237
953,2323,3,3,2,1994,Urban,Excellent,Yes,748044
954,3962,5,3,1,1980,Urban,Fair,Yes,790281
955,3579,5,3,1,1909,Suburban,Good,Yes,693700
956,1332,4,3,2,1926,Downtown,Excellent,Yes,650112
957,4908,5,2,2,2016,Downtown,Excellent,No,1624600
958,3306,4,4,3,2004,Suburban,Fair,Yes,603121
959,2990,3,3,3,1914,Downtown,Good,No,900568
960,827,1,2,1,1959,Downtown,Good,Yes,361882
961,3810,3,2,1,2007,Downtown,Fair,No,908778
962,3800,3,3,3,1930,Downtown,Good,Yes,1033591
963,4175,5,3,3,1920,Rural,Fair,Yes,507340
964,3554,5,3,2,1959,Downtown,Good,Yes,1083891
965,2643,5,3,2,2022,Suburban,Good,Yes,597747
966,1811,4,2,2,1957,Suburban,Good,Yes,424601
967,3691,5,3,2,1940,Suburban,Good,Yes,765559
968,3038,3,3,3,1945,Downtown,Good,No,870760
969,4483,5,3,2,1944,Suburban,Fair,No,779589
970,664,1,1,2,2023,Downtown,Fair,No,332299
971,4777,4,4,3,1925,Suburban,Poor,Yes,597681
972,1322,2,2,1,2001,Downtown,Fair,No,475413
973,1443,3,2,2,1950,Suburban,Good,No,341273
974,4925,4,3,2,1935,Urban,Good,Yes,1117464
975,1274,2,2,2,1951,Suburban,Fair,Yes,268635
976,2698,4,4,2,1980,Suburban,Fair,Yes,489988
977,3656,3,3,1,1950,Suburban,Good,Yes,690913
978,4742,5,4,2,1902,Urban,Good,Yes,1012123
979,4195,3,2,3,1913,Downtown,Excellent,Yes,1339438
980,3952,4,4,3,1948,Urban,Good,No,897475
981,1414,4,3,1,1976,Urban,Good,Yes,482860
982,1808,4,2,3,2004,Suburban,Fair,Yes,398069
983,4677,5,3,1,1990,Suburban,Good,No,846195
984,1013,3,2,2,1900,Suburban,Poor,No,174667
985,2420,4,2,3,1956,Downtown,Fair,No,662329
986,4094,5,2,1,1916,Downtown,Fair,Yes,992642
987,1909,2,2,3,2011,Downtown,Good,Yes,641123
988,3690,3,2,3,1949,Downtown,Good,Yes,1047869
989,4991,4,2,1,1997,Suburban,Poor,Yes,622396
990,2055,2,1,2,1913,Urban,Good,Yes,513269
991,1304,4,4,2,2017,Downtown,Good,Yes,582274
992,1779,4,3,3,2018,Rural,Good,No,349233
993,4077,5,2,2,1958,Rural,Fair,Yes,630579
994,3401,4,4,2,1980,Rural,Good,Yes,530190
995,1887,3,2,2,1902,Urban,Excellent,Yes,575803
996,3261,5,2,1,1997,Suburban,Poor,No,422932
997,3179,5,2,2,1939,Downtown,Fair,Yes,815898
998,2606,5,4,2,1988,Suburban,Fair,Yes,583206
999,4723,3,2,2,1965,Suburban,Fair,Yes,781181
1000,3268,4,2,3,1933,Urban,Good,Yes,766989
1001,4453,5,3,1,1989,Rural,Excellent,Yes,756950
1002,3686,4,3,1,1994,Suburban,Excellent,Yes,902101
1003,3780,3,3,3,1908,Suburban,Fair,Yes,671557
1004,3073,3,3,2,1993,Downtown,Good,No,971007
1005,3099,3,3,3,1983,Downtown,Good,Yes,976822
1006,4533,3,3,3,1920,Suburban,Good,No,760435
1007,736,1,1,1,1992,Suburban,Good,Yes,246976
1008,1804,2,1,2,2022,Urban,Fair,Yes,476694
1009,3930,3,3,1,1924,Suburban,Good,Yes,668124
1010,1801,3,2,2,2001,Rural,Good,Yes,327912
1011,3041,3,2,3,2021,Urban,Good,Yes,790342
1012,2551,5,3,3,1943,Urban,Good,Yes,689840
1013,941,1,1,1,1924,Downtown,Fair,No,286519
1014,2576,3,2,1,1908,Rural,Poor,No,296517
1015,3680,5,3,3,2002,Urban,Excellent,No,1067681
1016,3157,3,3,2,1961,Downtown,Good,Yes,976788
1017,4298,4,3,1,2007,Downtown,Excellent,Yes,1484411
1018,1304,3,2,1,1925,Rural,Poor,Yes,193244
1019,574,2,1,2,1956,Downtown,Good,Yes,324924
1020,2675,4,3,3,1936,Suburban,Good,Yes,550672
1021,4424,5,3,1,1915,Suburban,Excellent,Yes,987236
1022,2589,3,3,1,1936,Urban,Poor,No,421836
1023,540,2,1,2,1975,Urban,Fair,Yes,249298
1024,2581,5,2,2,1923,Suburban,Good,Yes,534507
1025,2122,2,2,3,1925,Suburban,Excellent,Yes,508176
1026,841,1,1,2,1919,Rural,Excellent,Yes,206312
1027,4552,3,2,3,1908,Urban,Excellent,No,1143765
1028,2574,5,4,3,1986,Rural,Excellent,Yes,590153
1029,1145,3,2,2,2002,Suburban,Poor,No,206901
1030,4763,4,4,1,1928,Downtown,Poor,Yes,1005568
1031,1109,3,2,1,1930,Suburban,Fair,Yes,274719
1032,954,2,1,2,1918,Urban,Good,No,286380
1033,3453,4,4,3,1919,Downtown,Excellent,Yes,1221576
1034,2208,4,4,1,1986,Suburban,Excellent,Yes,633133
1035,3972,5,3,1,2006,Downtown,Fair,Yes,1073911
1036,3469,5,2,3,1926,Suburban,Good,Yes,705802
1037,3528,4,4,3,1993,Urban,Excellent,No,1027445
1038,3181,4,4,1,1984,Downtown,Good,No,1010928
1039,4129,4,4,1,1943,Urban,Fair,No,824263
1040,4725,3,3,1,1934,Rural,Good,Yes,693634
1041,3567,3,2,1,2012,Downtown,Good,Yes,1037137
1042,1886,3,2,2,1970,Urban,Good,Yes,549943
1043,4276,4,4,1,1921,Rural,Good,No,598991
1044,3366,4,3,2,1973,Rural,Poor,No,362899
1045,3863,3,2,3,1986,Downtown,Excellent,Yes,1323170
1046,4624,3,3,2,1914,Downtown,Good,Yes,1232948
1047,648,1,1,1,1993,Downtown,Good,Yes,353842
1048,4350,5,3,2,1997,Urban,Excellent,Yes,1213628
1049,2558,3,3,3,1912,Urban,Fair,Yes,597601
1050,1636,4,4,1,2023,Urban,Fair,Yes,478485
1051,686,2,1,1,1903,Suburban,Excellent,Yes,243259
1052,3354,5,2,2,1981,Downtown,Fair,No,875364
1053,1750,4,2,3,1955,Suburban,Good,No,412504
1054,1833,4,4,3,1922,Suburban,Fair,No,381217
1055,4693,3,3,2,1996,Urban,Poor,Yes,734949
1056,4650,3,2,3,1997,Suburban,Good,Yes,915510
1057,3211,5,3,1,1933,Suburban,Fair,Yes,563487
1058,2285,4,4,2,1999,Suburban,Good,Yes,560800
1059,1250,4,4,1,1998,Downtown,Good,Yes,569851
1060,2262,4,4,2,1916,Suburban,Excellent,No,585094
1061,4420,5,3,1,1927,Downtown,Good,Yes,1192680
1062,4960,5,4,2,1913,Suburban,Fair,No,778886
1063,981,2,1,2,1933,Downtown,Excellent,No,441161
1064,653,1,1,1,2011,Downtown,Good,No,358631
1065,2024,3,2,1,1974,Urban,Good,No,535761
1066,2620,5,3,2,1956,Suburban,Excellent,Yes,732483
1067,2843,3,2,1,1976,Urban,Good,No,688402
1068,1740,2,1,1,1996,Urban,Good,Yes,479633
1069,560,1,1,2,2020,Suburban,Good,No,232625
1070,1438,2,1,2,1954,Rural,Fair,Yes,251679
1071,2139,2,1,2,1965,Downtown,Fair,Yes,593982
1072,4620,3,2,1,1997,Urban,Good,Yes,1052493
1073,4726,4,2,3,2016,Rural,Fair,Yes,632161
1074,4069,5,2,1,1992,Rural,Poor,Yes,367789
1075,1752,4,4,2,1936,Downtown,Poor,Yes,475089
1076,4703,3,3,3,1967,Suburban,Good,No,901756
1077,671,2,1,2,1975,Downtown,Good,Yes,372956
1078,1958,3,3,1,1925,Urban,Good,Yes,533551
1079,4049,5,4,1,2021,Urban,Good,Yes,986874
1080,4697,4,4,2,1960,Suburban,Good,Yes,923979
1081,2822,3,2,3,1991,Suburban,Good,Yes,612139
1082,2136,3,3,3,1966,Urban,Good,No,601730
1083,3615,5,4,3,1983,Suburban,Good,Yes,745117
1084,4590,5,2,1,1973,Rural,Excellent,Yes,822411
1085,3504,5,2,3,1951,Urban,Excellent,Yes,969591
1086,829,1,1,1,1917,Downtown,Excellent,Yes,401235
1087,4140,3,2,2,1952,Urban,Excellent,Yes,1044903
1088,4394,4,4,3,1962,Downtown,Good,No,1274284
1089,4607,3,2,1,1952,Suburban,Good,Yes,860182
1090,1841,2,2,3,2016,Rural,Good,Yes,367045
1091,4163,3,3,3,1926,Rural,Good,Yes,619967
1092,715,2,2,2,1930,Suburban,Excellent,Yes,294075
1093,838,1,2,2,1990,Suburban,Good,No,265805
1094,4562,5,4,2,2005,Downtown,Excellent,Yes,1592783
1095,3208,4,3,3,1900,Suburban,Good,Yes,604313
1096,3652,5,2,3,1905,Downtown,Excellent,No,1184082
1097,2250,3,3,3,1910,Suburban,Good,Yes,486138
1098,2921,5,2,3,1933,Downtown,Good,No,839038
1099,1209,4,3,1,2002,Suburban,Good,Yes,392762
1100,4226,3,3,3,1983,Downtown,Good,Yes,1261950
1101,4142,3,3,2,1962,Rural,Excellent,No,703801
1102,4493,3,2,2,1952,Urban,Fair,No,860807
1103,988,1,2,2,1984,Suburban,Good,Yes,289428
1104,546,1,1,2,1984,Downtown,Good,No,302509
1105,3859,5,2,2,1917,Suburban,Excellent,Yes,928860
1106,900,2,2,2,1920,Downtown,Good,Yes,360858
1107,4490,5,3,3,1918,Suburban,Fair,Yes,737128
1108,3657,4,4,2,1903,Urban,Good,Yes,834508
1109,4845,4,4,3,1976,Urban,Good,No,1020077
1110,890,1,2,2,1981,Urban,Poor,Yes,223062
1111,4353,3,2,2,2015,Suburban,Good,Yes,846870
1112,4930,4,2,1,1928,Rural,Excellent,No,820712
1113,1128,3,3,2,1924,Rural,Excellent,Yes,276759
1114,4732,3,3,1,1955,Suburban,Poor,Yes,730433
1115,3430,4,2,1,1976,Suburban,Excellent,Yes,826670
1116,2021,4,3,3,1962,Suburban,Good,Yes,477720
1117,1326,3,3,2,1926,Downtown,Fair,No,424664
1118,2000,3,3,1,1959,Urban,Poor,Yes,392627
1119,3794,4,2,2,1982,Suburban,Fair,Yes,659245
1120,2919,5,4,2,1948,Downtown,Excellent,No,1040144
1121,1434,3,2,1,1964,Downtown,Poor,Yes,365617
1122,3542,5,3,2,1937,Suburban,Fair,Yes,657978
1123,4997,4,4,3,1982,Rural,Good,No,833096
1124,1966,3,3,2,1951,Suburban,Good,Yes,459412
1125,4061,3,3,2,1900,Urban,Good,Yes,928175
1126,1114,2,2,1,1939,Suburban,Good,Yes,293415
1127,1682,2,1,2,1980,Suburban,Poor,Yes,270890
1128,3723,4,2,3,1920,Suburban,Excellent,Yes,874167
1129,3167,4,3,2,1985,Urban,Fair,Yes,764738
1130,630,2,2,1,1914,Downtown,Good,No,305968
1131,3483,5,3,3,1949,Suburban,Good,Yes,661536
1132,4778,4,4,1,2002,Suburban,Fair,Yes,825598
1133,4959,5,2,3,1947,Suburban,Excellent,No,1081989
1134,538,1,2,1,2002,Rural,Good,Yes,181759
1135,4459,5,2,2,1931,Downtown,Poor,No,864444
1136,4087,3,2,1,1948,Suburban,Excellent,Yes,937664
1137,1420,2,2,1,1967,Suburban,Good,Yes,372573
1138,3269,4,3,1,2007,Rural,Good,No,592344
1139,4611,5,3,2,1944,Suburban,Good,Yes,850655
1140,992,2,2,1,1931,Urban,Excellent,No,354336
1141,1631,3,2,1,1903,Rural,Poor,Yes,210756
1142,4021,5,4,2,2016,Suburban,Fair,Yes,817949
1143,810,1,1,1,1964,Suburban,Good,Yes,235122
1144,1238,4,2,1,1996,Suburban,Poor,Yes,265831
1145,3741,3,2,3,1970,Urban,Good,No,864536
1146,1045,4,4,1,1972,Downtown,Good,Yes,521791
1147,2961,3,3,2,1964,Suburban,Fair,No,533140
1148,4846,4,3,3,1979,Urban,Poor,Yes,721013
1149,2304,4,4,1,1917,Suburban,Good,Yes,450960
1150,3712,3,2,3,1953,Suburban,Excellent,Yes,804551
1151,4310,4,4,2,1946,Suburban,Good,Yes,806741
1152,1313,2,2,1,1905,Downtown,Good,Yes,478777
1153,4624,3,3,1,1965,Suburban,Fair,Yes,767048
1154,2532,3,2,2,1908,Suburban,Good,Yes,490141
1155,4913,3,3,1,1967,Rural,Poor,No,456921
1156,744,1,1,1,2008,Suburban,Good,No,245403
1157,771,1,1,1,1922,Rural,Good,Yes,184412
1158,4011,4,2,2,2017,Urban,Excellent,Yes,1177539
1159,2271,2,1,2,2006,Downtown,Good,Yes,750391
1160,1762,4,2,2,2008,Urban,Good,Yes,504865
1161,2924,3,2,1,1942,Downtown,Good,Yes,857990
1162,4861,3,2,2,1950,Rural,Excellent,Yes,921778
1163,1420,4,4,1,1971,Rural,Good,No,330882
1164,3930,4,3,1,2002,Suburban,Good,Yes,722575
1165,4935,4,2,2,1924,Suburban,Excellent,Yes,1055092
1166,4984,5,3,1,1979,Suburban,Poor,Yes,673429
1167,3124,3,2,1,1934,Suburban,Fair,No,508172
1168,4260,3,3,2,1916,Suburban,Poor,Yes,456504
1169,2550,4,4,3,1917,Suburban,Excellent,No,637414
1170,4000,5,2,2,2023,Urban,Poor,No,628881
1171,1665,3,3,3,1926,Downtown,Excellent,No,666906
1172,875,1,1,2,1914,Urban,Good,No,248571
1173,2533,3,3,3,2023,Urban,Poor,Yes,477132
1174,645,1,1,1,1980,Suburban,Good,Yes,223655
1175,4888,4,3,2,2006,Rural,Fair,Yes,627265
1176,931,1,2,1,1968,Downtown,Good,Yes,406138
1177,1204,3,3,2,1979,Downtown,Good,Yes,497117
1178,3132,3,3,3,1914,Urban,Good,Yes,738579
1179,4994,4,4,1,1941,Suburban,Poor,Yes,516202
1180,1463,2,2,1,2009,Suburban,Good,No,362624
1181,2734,3,2,3,1933,Rural,Excellent,Yes,548162
1182,2541,4,2,3,1947,Rural,Good,Yes,399449
1183,2328,4,4,3,1982,Urban,Excellent,No,779529
1184,2608,3,3,1,1907,Urban,Fair,Yes,597268
1185,4568,5,4,1,2010,Downtown,Excellent,No,1451856
1186,1438,2,1,1,1909,Downtown,Good,No,451013
1187,1306,2,1,2,1904,Urban,Poor,Yes,207470
1188,1963,4,3,1,2015,Suburban,Excellent,Yes,588715
1189,3915,5,3,2,1947,Suburban,Excellent,Yes,913832
1190,510,1,1,1,2016,Suburban,Good,No,180868
1191,2368,3,2,3,1925,Urban,Fair,Yes,571033
1192,1384,2,1,2,1985,Downtown,Fair,Yes,473334
1193,4064,5,4,3,2007,Urban,Good,No,938888
1194,1889,4,2,2,1922,Downtown,Excellent,Yes,791949
1195,3901,3,3,3,1961,Downtown,Fair,No,922039
1196,4821,5,3,3,1912,Suburban,Excellent,No,985009
1197,1324,3,3,1,1908,Downtown,Fair,No,393480
1198,2765,4,4,1,2012,Rural,Excellent,No,639219
1199,1436,3,2,1,1919,Downtown,Excellent,Yes,624485
1200,3300,3,2,2,1991,Downtown,Good,No,987999
1201,3053,4,4,2,2007,Suburban,Good,Yes,674224
1202,4345,4,4,2,1956,Suburban,Excellent,Yes,1022760
1203,2296,3,2,2,2000,Downtown,Good,Yes,772046
1204,553,1,2,1,1923,Downtown,Good,No,270092
1205,1226,3,3,1,2007,Rural,Good,No,284621
1206,3236,3,2,1,1932,Urban,Fair,No,635410
1207,3670,5,4,1,1919,Suburban,Excellent,Yes,865949
1208,2413,3,3,2,1959,Suburban,Fair,No,463647
1209,2096,4,3,1,1947,Suburban,Excellent,No,559244
1210,2414,4,3,1,1963,Suburban,Fair,Yes,442747
1211,2966,5,4,2,1929,Urban,Good,Yes,706033
1212,3237,3,3,3,2007,Rural,Fair,Yes,517902
1213,1349,4,2,2,1972,Downtown,Good,Yes,545617
1214,2609,3,3,1,2008,Urban,Good,Yes,708032
1215,502,2,2,1,2012,Downtown,Good,Yes,348147
1216,4755,5,2,3,1916,Downtown,Good,Yes,1228116
1217,4569,5,3,1,1999,Downtown,Excellent,Yes,1557798
1218,1392,2,2,2,1913,Downtown,Good,Yes,483008
1219,2530,5,4,1,1918,Rural,Good,Yes,423358
1220,3660,4,2,1,1970,Suburban,Good,No,743158
1221,2876,5,2,1,1958,Downtown,Fair,Yes,814436
1222,2433,3,3,2,1966,Rural,Good,Yes,470673
1223,1880,2,1,2,1996,Rural,Good,Yes,349931
1224,4181,5,3,2,1943,Urban,Good,Yes,864930
1225,1790,4,2,2,1931,Rural,Good,No,339415
1226,2140,4,2,1,2010,Downtown,Good,Yes,720516
1227,3182,3,3,3,1910,Urban,Fair,Yes,669260
1228,1487,2,1,2,2005,Urban,Good,No,415211
1229,1718,2,2,2,1901,Rural,Excellent,Yes,390245
1230,1855,4,3,3,1989,Urban,Good,Yes,588801
1231,4765,3,2,1,1967,Suburban,Good,Yes,835639
1232,4635,3,3,3,1916,Urban,Poor,Yes,695553
1233,2060,2,1,2,1980,Suburban,Excellent,No,522471
1234,1918,2,2,3,1991,Suburban,Fair,Yes,416423
1235,1454,2,1,2,1993,Downtown,Good,No,520405
1236,1483,3,2,1,1939,Rural,Excellent,No,314384
1237,1474,2,1,2,1986,Suburban,Good,Yes,348683
1238,4633,4,2,1,1945,Suburban,Good,Yes,846264
1239,4472,5,4,3,1987,Suburban,Good,Yes,930524
1240,1413,2,1,1,1992,Rural,Poor,Yes,206044
1241,536,1,2,1,1903,Suburban,Good,Yes,174485
1242,3887,5,3,3,1937,Urban,Poor,Yes,656052
1243,2211,3,3,2,1962,Rural,Good,Yes,385658
1244,3520,4,2,2,1928,Suburban,Poor,No,488405
1245,1295,2,1,1,1918,Suburban,Excellent,Yes,396341
1246,4536,5,3,2,1990,Urban,Fair,Yes,931057
1247,3611,3,2,2,1928,Rural,Good,No,554159
1248,1824,4,2,2,2019,Urban,Good,Yes,537857
1249,817,1,1,1,1999,Downtown,Good,Yes,387205
1250,2896,3,2,2,1934,Rural,Good,Yes,457141
1251,2662,5,3,1,2015,Suburban,Good,Yes,602059
1252,3245,5,2,1,1969,Suburban,Good,Yes,739713
1253,2091,4,2,2,2022,Urban,Good,Yes,596889
1254,3611,4,4,2,1922,Downtown,Good,Yes,1078740
1255,4430,5,3,1,2002,Urban,Good,No,939627
1256,2496,2,2,3,1945,Suburban,Fair,Yes,465913
1257,1812,2,2,1,1943,Rural,Excellent,Yes,408324
1258,1785,4,3,3,1947,Downtown,Good,Yes,637368
1259,4811,3,3,2,1951,Suburban,Fair,Yes,682000
1260,2883,4,2,2,1907,Urban,Good,Yes,676877
1261,3739,3,3,1,1954,Downtown,Excellent,No,1267535
1262,2639,3,2,2,1965,Downtown,Poor,Yes,593991
1263,2204,2,1,3,1976,Rural,Good,Yes,417786
1264,862,1,2,2,1939,Suburban,Good,Yes,243376
1265,3104,4,4,1,2020,Rural,Fair,Yes,460180
1266,2216,2,1,3,1984,Downtown,Excellent,Yes,821891
1267,4951,3,3,1,1930,Suburban,Good,Yes,897303
1268,4786,4,4,1,2015,Urban,Fair,Yes,1024564
1269,4238,4,4,3,1947,Urban,Excellent,Yes,1147818
1270,2969,3,2,3,1999,Suburban,Good,Yes,637166
1271,1056,3,2,2,1960,Suburban,Excellent,Yes,375684
1272,1325,2,2,2,2011,Urban,Good,Yes,436653
1273,3308,3,2,3,1951,Downtown,Good,No,910318
1274,3219,5,2,3,1937,Suburban,Excellent,Yes,753353
1275,4008,3,3,3,1990,Downtown,Poor,No,707712
1276,4241,4,3,2,1935,Suburban,Good,Yes,803842
1277,2074,4,4,1,2011,Suburban,Good,Yes,520265
1278,4498,5,3,1,1986,Suburban,Poor,Yes,616135
1279,2629,4,4,3,1954,Suburban,Good,Yes,588455
1280,2903,5,4,1,1984,Downtown,Poor,Yes,684538
1281,3829,5,4,3,1912,Downtown,Good,Yes,1111005
1282,1088,3,2,2,1936,Urban,Good,No,342934
1283,2512,4,4,1,1946,Suburban,Excellent,Yes,625598
1284,2047,2,2,1,1989,Rural,Fair,Yes,318592
1285,794,2,2,2,2003,Urban,Good,Yes,336188
1286,2485,3,2,2,1970,Downtown,Fair,No,672034
1287,3617,4,4,2,2009,Urban,Good,No,913673
1288,2190,2,2,1,2002,Downtown,Good,Yes,717157
1289,1636,2,1,1,1921,Urban,Good,No,409134
1290,2564,4,2,2,1938,Rural,Excellent,Yes,514313
1291,4955,4,3,2,1986,Suburban,Excellent,Yes,1146740
1292,1507,2,2,2,1957,Urban,Poor,Yes,321081
1293,3014,4,3,2,1929,Downtown,Good,No,909464
1294,4026,4,2,2,1917,Suburban,Good,No,649910
1295,1747,3,2,3,2005,Rural,Good,No,359831
1296,4402,5,2,2,1917,Downtown,Fair,Yes,1151072
1297,1935,4,2,3,2009,Suburban,Good,No,447691
1298,1071,2,2,2,1973,Suburban,Good,Yes,309595
1299,2882,4,4,1,1938,Urban,Good,Yes,698912
1300,1745,3,2,3,1993,Suburban,Excellent,Yes,472539
1301,2584,3,2,2,1925,Rural,Good,Yes,396661
1302,777,1,1,2,1970,Downtown,Poor,Yes,244440
1303,2387,4,2,2,1906,Suburban,Poor,Yes,334606
1304,1765,3,3,2,1968,Urban,Excellent,No,577355
1305,1540,2,1,3,1964,Downtown,Excellent,Yes,635348
1306,1417,4,2,1,1945,Urban,Good,Yes,436668
1307,1385,3,2,1,1917,Downtown,Good,No,468042
1308,3252,5,3,3,1912,Downtown,Excellent,Yes,1177756
1309,521,1,1,1,1924,Downtown,Good,Yes,271252
1310,3691,4,4,2,2003,Rural,Excellent,Yes,816273
1311,2853,3,2,1,1907,Suburban,Good,Yes,580587
1312,1186,4,2,1,1973,Urban,Good,Yes,416072
1313,784,1,2,1,1931,Suburban,Good,Yes,225367
1314,4247,3,2,2,1916,Suburban,Fair,No,685147
1315,1262,2,1,1,2001,Suburban,Fair,Yes,308375
1316,2928,5,3,3,1978,Rural,Good,Yes,487596
1317,3007,5,4,1,1978,Urban,Excellent,Yes,965395
1318,528,1,1,1,2020,Urban,Good,Yes,256676
1319,1406,2,1,2,1947,Downtown,Good,Yes,493234
1320,3604,3,2,3,1962,Suburban,Poor,No,491697
1321,4499,4,3,3,1939,Suburban,Poor,No,562449
1322,3494,3,3,1,2014,Rural,Good,Yes,562474
1323,3006,3,3,2,1983,Suburban,Good,No,604209
1324,4109,3,3,2,1914,Suburban,Good,Yes,723460
1325,4053,5,4,2,1998,Suburban,Poor,Yes,621212
1326,1953,2,2,1,1905,Downtown,Excellent,Yes,708186
1327,3856,4,4,2,1993,Downtown,Good,Yes,1178986
1328,1015,3,3,1,2020,Rural,Excellent,No,321909
1329,538,1,2,2,1962,Suburban,Good,Yes,201418
1330,3842,5,3,2,1907,Rural,Fair,Yes,528792
1331,1386,4,4,1,1994,Urban,Good,No,453610
1332,3344,5,2,3,2011,Suburban,Good,No,728472
1333,2704,4,3,3,2010,Suburban,Good,No,553199
1334,1598,2,2,2,1931,Downtown,Good,Yes,534883
1335,2323,2,2,2,1944,Rural,Poor,Yes,240062
1336,3701,5,4,2,2021,Suburban,Good,Yes,726810
1337,3655,4,4,1,1951,Suburban,Excellent,Yes,928727
1338,3593,4,2,2,1978,Suburban,Poor,No,503144
1339,4030,3,3,1,1981,Suburban,Fair,No,690238
1340,4278,4,2,2,1912,Suburban,Excellent,No,889034
1341,3396,4,3,2,1923,Suburban,Fair,Yes,625067
1342,3953,3,2,3,1939,Urban,Good,No,830214
1343,4011,3,2,2,1913,Urban,Good,No,882840
1344,1488,4,2,2,1991,Suburban,Good,Yes,381004
1345,4616,4,2,3,1974,Suburban,Good,Yes,831221
1346,4526,5,3,1,1969,Rural,Fair,No,643772
1347,4679,5,2,3,1961,Downtown,Poor,Yes,951904
1348,2182,4,2,1,2019,Rural,Good,No,415601
1349,4463,5,3,3,1988,Downtown,Good,Yes,1252093
1350,1433,4,3,2,1960,Urban,Good,No,436854
1351,4098,3,2,1,1900,Suburban,Good,No,724338
1352,3733,4,2,2,1988,Suburban,Fair,Yes,629168
1353,2480,2,2,3,1965,Rural,Poor,No,313331
1354,2355,4,4,3,1931,Downtown,Excellent,Yes,878291
1355,3556,4,3,2,1912,Suburban,Good,Yes,654491
1356,1292,2,1,2,1932,Suburban,Good,Yes,299365
1357,1291,3,2,1,1931,Urban,Fair,Yes,309873
1358,2309,2,1,3,1955,Downtown,Poor,No,446819
1359,2755,5,4,1,1923,Urban,Good,No,705207
1360,4110,4,3,3,1990,Suburban,Excellent,Yes,964192
1361,2107,3,2,3,1903,Downtown,Excellent,Yes,818948
1362,1484,4,4,1,1987,Urban,Excellent,Yes,634725
1363,4176,4,3,1,1922,Downtown,Excellent,Yes,1417649
1364,3880,4,4,1,1928,Suburban,Excellent,No,892296
1365,1019,3,2,1,1997,Downtown,Good,Yes,481532
1366,1090,4,3,2,1920,Suburban,Fair,Yes,243290
1367,1550,2,2,1,1929,Urban,Good,Yes,403423
1368,4133,5,3,2,1989,Suburban,Fair,Yes,737934
1369,4944,3,2,1,1919,Suburban,Fair,No,795928
1370,1459,2,1,2,1915,Suburban,Fair,Yes,295481
1371,1192,4,4,2,1966,Downtown,Good,Yes,531591
1372,4399,4,4,3,1948,Suburban,Good,No,860370
1373,4973,4,4,1,2000,Rural,Fair,No,741670
1374,3446,5,3,1,1957,Rural,Good,No,577077
1375,1026,2,1,1,2003,Downtown,Excellent,No,531541
1376,3724,4,2,2,1943,Downtown,Good,No,1021742
1377,2753,3,2,2,1924,Rural,Excellent,Yes,550648
1378,3844,3,2,2,1922,Suburban,Fair,Yes,640980
1379,4465,4,2,2,2007,Suburban,Fair,Yes,788440
1380,2375,2,2,1,1958,Urban,Good,No,583857
1381,2263,2,2,1,1900,Suburban,Good,Yes,445817
1382,1020,4,3,2,1996,Suburban,Good,Yes,327939
1383,1516,3,3,2,1914,Rural,Good,Yes,290881
1384,616,1,2,1,1980,Urban,Good,No,270357
1385,2933,4,4,1,1997,Downtown,Excellent,Yes,1140782
1386,1083,3,2,2,1980,Downtown,Good,Yes,495863
1387,894,2,1,2,1951,Downtown,Fair,Yes,355314
1388,4288,4,2,3,1957,Urban,Good,No,931096
1389,3268,5,3,1,1940,Suburban,Fair,Yes,639952
1390,4667,5,4,1,1943,Downtown,Fair,Yes,1178684
1391,4360,5,4,1,1903,Rural,Fair,Yes,649966
1392,773,1,1,1,1976,Downtown,Good,Yes,366330
1393,2513,3,2,1,1967,Downtown,Fair,Yes,714349
1394,4933,4,4,1,1906,Downtown,Poor,Yes,901642
1395,1889,4,3,1,1945,Downtown,Good,Yes,668369
1396,4066,4,4,1,2022,Suburban,Good,No,800659
1397,665,1,1,1,1908,Rural,Good,Yes,141543
1398,2067,2,2,3,1986,Rural,Good,Yes,364776
1399,1228,4,2,1,1932,Suburban,Fair,No,270152
1400,2543,4,2,1,1932,Suburban,Fair,No,475290
1401,4697,5,3,1,1983,Suburban,Fair,Yes,864955
1402,3996,4,3,1,1903,Downtown,Excellent,Yes,1290828
1403,1278,3,2,1,1964,Downtown,Good,No,519606
1404,713,1,2,1,2017,Rural,Fair,No,178001
1405,4262,3,2,2,2005,Downtown,Good,Yes,1177404
1406,2076,4,3,2,1933,Downtown,Excellent,Yes,861217
1407,2948,4,3,3,1990,Suburban,Good,Yes,614512
1408,3436,4,4,1,1984,Suburban,Excellent,Yes,849638
1409,3617,5,2,2,1987,Downtown,Fair,Yes,964465
1410,1091,4,3,1,1978,Downtown,Fair,Yes,450506
1411,3220,3,2,1,1998,Suburban,Good,Yes,674023
1412,1213,2,1,2,1963,Urban,Good,Yes,368311
1413,1435,3,3,1,1924,Downtown,Good,Yes,512718
1414,4837,3,3,2,1954,Suburban,Good,Yes,907481
1415,501,2,2,2,1908,Suburban,Good,Yes,177713
1416,3348,5,3,3,1916,Rural,Good,Yes,491698
1417,4544,3,3,3,1920,Suburban,Fair,No,774997
1418,2449,3,3,1,1959,Downtown,Good,Yes,761098
1419,1417,2,1,2,1912,Suburban,Excellent,No,325850
1420,3674,3,2,2,1902,Urban,Good,Yes,825753
1421,2741,4,4,2,1967,Downtown,Good,Yes,887623
1422,589,1,1,2,1903,Suburban,Good,Yes,175089
1423,2209,2,2,2,2006,Downtown,Excellent,No,853508
1424,2669,4,3,1,1991,Downtown,Good,Yes,886899
1425,4738,3,2,3,1906,Suburban,Good,Yes,801925
1426,3541,4,4,1,1925,Suburban,Excellent,Yes,886290
1427,605,2,2,2,1974,Urban,Excellent,No,302952
1428,1386,2,2,1,1923,Urban,Good,No,383051
1429,927,2,2,2,2006,Suburban,Good,Yes,310234
1430,2395,3,2,2,1909,Suburban,Good,Yes,464984
1431,816,2,2,2,2000,Suburban,Good,Yes,267764
1432,1134,3,2,2,1912,Downtown,Excellent,Yes,545426
1433,2425,4,3,2,1943,Rural,Excellent,Yes,479871
1434,2556,4,4,1,2005,Rural,Fair,No,395800
1435,3644,5,3,3,1938,Downtown,Good,No,1083527
1436,2770,3,2,1,1918,Downtown,Good,Yes,816168
1437,1939,2,1,2,1950,Downtown,Excellent,Yes,707380
1438,1052,3,3,2,1918,Urban,Good,Yes,382063
1439,1215,2,2,2,1975,Urban,Good,Yes,386185
1440,4411,3,2,3,1951,Urban,Poor,Yes,661234
1441,2213,2,2,1,1985,Urban,Good,Yes,586131
1442,3889,4,4,1,1946,Suburban,Poor,Yes,554809
1443,1607,4,3,1,2000,Urban,Excellent,Yes,663046
1444,4706,3,3,3,2019,Urban,Good,No,984521
1445,750,1,2,2,1929,Suburban,Good,Yes,234714
1446,2930,4,2,1,1945,Suburban,Good,Yes,612399
1447,2554,5,3,2,1975,Urban,Excellent,Yes,819287
1448,958,2,1,1,1992,Suburban,Fair,Yes,268725
1449,707,1,2,1,1920,Urban,Fair,No,225399
1450,1399,4,4,2,1974,Urban,Excellent,No,527592
1451,3961,4,4,2,2023,Urban,Excellent,Yes,1233891
1452,3885,4,4,3,2000,Urban,Excellent,No,1049809
1453,521,1,2,1,1947,Suburban,Fair,Yes,170046
1454,909,1,2,2,1961,Urban,Fair,No,267635
1455,1394,2,2,1,1957,Suburban,Poor,Yes,274536
1456,1014,4,2,1,1917,Downtown,Fair,Yes,386728
1457,4609,3,3,2,2007,Downtown,Good,Yes,1312400
1458,2634,4,2,1,1958,Suburban,Fair,No,522820
1459,4095,5,2,2,1990,Suburban,Good,Yes,786489
1460,3456,3,3,3,2000,Rural,Fair,No,452442
1461,2060,2,1,2,1947,Suburban,Good,Yes,420853
1462,1766,2,1,3,1962,Suburban,Excellent,No,479381
1463,2669,4,2,3,1911,Downtown,Fair,Yes,723889
1464,4138,4,3,3,1986,Downtown,Good,No,1260782
1465,1249,4,3,2,1933,Urban,Good,Yes,425990
1466,3927,5,3,3,1960,Downtown,Fair,Yes,1015224
1467,2427,3,2,3,2001,Urban,Good,No,623584
1468,4304,3,2,2,1986,Urban,Good,No,917307
1469,4202,4,4,3,1952,Suburban,Good,Yes,782753
1470,2856,5,4,2,1924,Rural,Excellent,Yes,711039
1471,2835,4,2,1,1961,Suburban,Good,Yes,613768
1472,806,1,2,2,1903,Suburban,Poor,Yes,163867
1473,4165,4,4,2,1993,Rural,Good,Yes,634185
1474,2489,4,4,1,1993,Rural,Poor,Yes,364576
1475,1161,3,2,2,1912,Downtown,Good,Yes,464345
1476,811,2,2,1,1941,Downtown,Good,No,376442
1477,3420,5,4,2,1948,Downtown,Fair,No,987534
1478,1582,3,3,1,1977,Suburban,Excellent,Yes,459185
1479,3471,3,2,2,1955,Rural,Excellent,Yes,604275
1480,1254,4,4,1,1946,Suburban,Excellent,Yes,419399
1481,4630,3,3,3,1907,Suburban,Good,Yes,790582
1482,852,1,1,2,1954,Rural,Good,Yes,197108
1483,1402,2,1,2,1987,Suburban,Excellent,Yes,411443
1484,4388,3,3,1,1917,Suburban,Good,Yes,878811
1485,658,1,2,2,1934,Rural,Excellent,Yes,225130
1486,2477,3,3,2,1988,Urban,Poor,No,446330
1487,1456,2,2,1,1980,Urban,Poor,No,330469
1488,2571,4,4,2,1931,Suburban,Good,Yes,594266
1489,903,1,1,2,2019,Urban,Good,Yes,332324
1490,3279,5,4,2,1923,Downtown,Good,No,911590
1491,1887,2,2,1,1906,Suburban,Excellent,Yes,469918
1492,3953,5,3,2,1912,Rural,Fair,No,505476
1493,1455,3,2,1,1990,Suburban,Fair,No,334317
1494,2212,4,4,1,2011,Urban,Excellent,No,758776
1495,1773,4,4,1,1968,Suburban,Fair,Yes,409035
1496,4311,4,4,3,1999,Downtown,Good,Yes,1295567
1497,3125,5,4,1,1989,Urban,Good,No,753411
1498,2882,4,4,1,1941,Downtown,Poor,Yes,648242
1499,1941,3,2,2,2008,Urban,Fair,Yes,491409
1500,3479,4,4,1,1930,Downtown,Good,Yes,1041523
1501,2297,4,2,3,1973,Rural,Excellent,Yes,513346
1502,4890,3,3,2,2009,Suburban,Good,No,848657
1503,4509,4,2,3,1925,Downtown,Good,Yes,1215483
1504,1894,2,2,1,1985,Downtown,Good,No,628407
1505,4781,5,2,3,1975,Rural,Fair,No,610035
1506,1769,3,2,3,1931,Urban,Fair,Yes,449153
1507,4214,5,3,1,1990,Urban,Good,Yes,964433
1508,1029,3,3,2,1996,Suburban,Poor,No,214004
1509,4123,4,2,2,2016,Suburban,Fair,Yes,696847
1510,3458,5,3,2,1951,Downtown,Good,No,1057441
1511,3414,4,2,2,1919,Suburban,Good,No,619950
1512,4091,3,2,1,2002,Downtown,Poor,Yes,840513
1513,2647,5,4,3,2004,Rural,Good,No,536620
1514,3869,3,3,3,1939,Urban,Good,Yes,874342
1515,1439,2,2,1,1958,Suburban,Poor,Yes,266536
1516,1025,3,3,1,1976,Downtown,Excellent,No,579668
1517,501,1,2,2,1913,Urban,Poor,No,147654
1518,874,1,2,1,1943,Downtown,Excellent,Yes,452681
1519,2840,3,2,2,2003,Downtown,Poor,Yes,644994
1520,4505,3,3,1,2016,Downtown,Excellent,Yes,1501853
1521,3552,3,2,2,1985,Suburban,Poor,Yes,459516
1522,2865,4,2,1,1981,Urban,Good,Yes,701436
1523,2025,2,1,3,1947,Suburban,Good,Yes,470099
1524,4976,5,2,1,1992,Downtown,Good,Yes,1359867
1525,2146,2,2,2,1942,Suburban,Good,No,418824
1526,513,2,1,2,1915,Urban,Poor,Yes,143730
1527,2778,5,3,3,2009,Downtown,Good,Yes,950296
1528,3655,5,2,3,1934,Downtown,Poor,No,728628
1529,629,1,2,2,1952,Rural,Excellent,No,207280
1530,4314,5,2,2,1933,Rural,Poor,No,467490
1531,3716,3,2,2,1902,Rural,Good,Yes,496201
1532,3438,4,3,3,1967,Urban,Good,Yes,800986
1533,4428,3,3,2,2017,Downtown,Good,Yes,1337805
1534,2540,5,2,3,1904,Downtown,Fair,Yes,699546
1535,527,1,2,2,1909,Suburban,Good,Yes,192499
1536,2613,3,3,1,1951,Suburban,Good,Yes,544458
1537,1752,4,2,1,1928,Rural,Excellent,Yes,370660
1538,4856,5,4,2,1995,Urban,Good,Yes,1112671
1539,2546,3,3,1,1930,Urban,Good,Yes,608654
1540,4523,3,3,3,1965,Downtown,Good,Yes,1239541
1541,4896,3,3,1,1975,Rural,Fair,Yes,659008
1542,3874,3,3,1,1990,Urban,Good,Yes,927503
1543,3966,3,3,3,1968,Downtown,Good,Yes,1080623
1544,3581,5,4,1,1936,Rural,Good,Yes,573909
1545,4278,5,3,1,1926,Suburban,Good,Yes,782508
1546,1129,3,3,2,1986,Downtown,Good,Yes,504380
1547,769,1,1,2,1932,Urban,Excellent,Yes,315773
1548,3139,5,2,3,1967,Urban,Good,No,736726
1549,2493,2,1,2,1958,Downtown,Good,Yes,783438
1550,3391,3,3,2,1963,Suburban,Good,Yes,710127
1551,3932,5,3,1,1984,Rural,Good,No,659610
1552,1780,4,2,1,1987,Urban,Poor,Yes,358676
1553,2860,3,2,1,1943,Urban,Poor,Yes,451695
1554,1075,3,2,2,1994,Downtown,Poor,Yes,344893
1555,1807,3,2,3,2007,Downtown,Good,No,639603
1556,3692,4,2,1,2011,Suburban,Excellent,Yes,863942
1557,3678,3,2,2,1987,Downtown,Good,Yes,1030196
1558,3234,3,3,3,1948,Downtown,Good,Yes,958852
1559,2712,3,3,2,1952,Downtown,Excellent,Yes,1003752
1560,2852,3,2,1,1973,Suburban,Excellent,Yes,719519
1561,4068,4,4,2,1948,Suburban,Good,No,797880
1562,2155,3,2,2,2012,Urban,Fair,Yes,564708
1563,2079,3,2,2,2013,Downtown,Fair,Yes,628181
1564,2703,3,3,2,1965,Suburban,Poor,Yes,409373
1565,1890,4,2,3,1994,Downtown,Fair,Yes,604157
1566,2242,4,2,1,1962,Suburban,Fair,No,403801
1567,2425,4,2,3,1924,Downtown,Good,Yes,746630
1568,1119,4,2,2,1903,Rural,Poor,Yes,182217
1569,1774,4,3,2,1950,Urban,Fair,Yes,458903
1570,1456,4,4,1,1910,Suburban,Fair,Yes,367048
1571,2439,4,4,1,1916,Downtown,Good,Yes,804322
1572,4453,4,2,3,2007,Suburban,Good,No,818988
1573,2881,4,2,3,1965,Urban,Good,Yes,745943
1574,1468,4,4,1,1969,Downtown,Fair,No,538890
1575,1816,4,3,3,1972,Suburban,Good,No,414145
1576,1543,4,4,2,1968,Urban,Poor,No,376395
1577,781,1,2,1,1983,Urban,Fair,Yes,281410
1578,3344,3,2,1,1928,Urban,Excellent,Yes,914406
1579,1558,2,2,3,1984,Rural,Excellent,No,339097
1580,4793,3,2,2,1972,Rural,Good,No,737818
1581,3032,3,2,1,1991,Suburban,Excellent,No,740789
1582,4328,5,3,3,2018,Suburban,Good,Yes,885760
1583,1508,3,2,2,1971,Urban,Poor,Yes,310508
1584,1729,2,1,3,1994,Urban,Excellent,No,575420
1585,1535,4,2,3,1919,Rural,Poor,Yes,222628
1586,775,1,1,1,1926,Downtown,Good,Yes,317645
1587,3240,4,2,1,1907,Suburban,Fair,Yes,513892
1588,2789,5,2,2,2017,Suburban,Good,Yes,633316
1589,1739,3,2,1,1984,Suburban,Good,Yes,389844
1590,625,1,2,2,1960,Downtown,Good,Yes,335704
1591,4565,5,2,2,1927,Urban,Fair,Yes,885843
1592,4812,4,4,1,1986,Downtown,Good,Yes,1431711
1593,4368,5,2,1,1969,Urban,Good,Yes,978457
1594,1708,4,4,2,1902,Urban,Excellent,Yes,612568
1595,3749,4,2,2,1968,Suburban,Good,No,692087
1596,1418,2,2,2,1972,Suburban,Good,Yes,374835
1597,4423,4,2,3,1906,Urban,Fair,Yes,939486
1598,4903,3,2,2,1959,Urban,Excellent,No,1204884
1599,2469,3,3,1,1903,Rural,Fair,No,358375
1600,3293,4,2,1,2002,Rural,Fair,Yes,575810
1601,1391,4,3,2,1904,Rural,Good,Yes,282441
1602,4970,5,2,2,1910,Suburban,Excellent,Yes,1070102
1603,2533,3,3,2,1914,Rural,Fair,Yes,392753
1604,1864,4,2,3,1963,Urban,Fair,No,459981
1605,628,1,1,1,1997,Rural,Good,No,153433
1606,1514,2,1,1,1912,Downtown,Fair,No,443224
1607,2299,4,3,3,2017,Rural,Good,Yes,382467
1608,2018,2,2,3,2011,Suburban,Good,Yes,457776
1609,4681,4,4,1,1906,Urban,Good,No,1062682
1610,1698,4,3,2,2003,Downtown,Fair,Yes,596015
1611,4373,3,2,3,1905,Suburban,Fair,Yes,673260
1612,2974,5,3,2,1955,Suburban,Excellent,No,758320
1613,3985,4,4,1,1963,Suburban,Excellent,Yes,906049
1614,4549,3,3,1,2002,Downtown,Fair,Yes,1114968
1615,4219,4,4,3,1949,Urban,Fair,No,869895
1616,802,1,1,2,1929,Downtown,Poor,Yes,230999
1617,4452,3,2,1,1921,Suburban,Good,Yes,748654
1618,1486,3,2,2,1924,Downtown,Good,Yes,541643
1619,2363,3,2,3,1927,Suburban,Good,Yes,497911
1620,4940,4,2,3,2017,Suburban,Good,Yes,912068
1621,3572,5,2,3,1983,Suburban,Good,Yes,706084
1622,3624,4,4,1,1938,Suburban,Excellent,Yes,875198
1623,1827,2,2,2,1966,Urban,Poor,No,360752
1624,2908,4,3,1,1904,Downtown,Fair,Yes,773942
1625,4173,4,4,3,1964,Downtown,Poor,No,861802
1626,3791,3,2,2,1914,Downtown,Excellent,Yes,1269577
1627,4533,5,4,2,1989,Rural,Good,Yes,748318
1628,1203,3,2,1,1966,Suburban,Good,Yes,333074
1629,1074,2,2,2,1939,Suburban,Poor,Yes,190194
1630,3732,5,2,2,2020,Downtown,Fair,No,986930
1631,3132,5,2,3,2004,Suburban,Fair,Yes,605791
1632,4328,5,2,2,2010,Downtown,Good,Yes,1340103
1633,3730,4,4,2,2005,Downtown,Fair,Yes,1014599
1634,988,1,2,2,1997,Suburban,Poor,Yes,218285
1635,1847,2,2,2,2015,Suburban,Good,Yes,436521
1636,4181,5,2,2,1968,Downtown,Fair,Yes,1084539
1637,3673,4,4,2,1994,Urban,Good,Yes,956903
1638,2167,4,4,2,2014,Rural,Fair,Yes,405110
1639,2137,3,3,3,1976,Suburban,Excellent,Yes,558007
1640,4614,4,2,1,1942,Urban,Good,Yes,986845
1641,4053,5,3,1,1900,Rural,Excellent,Yes,775320
1642,1500,4,2,2,1921,Urban,Good,Yes,439879
1643,1350,3,3,1,1961,Suburban,Excellent,No,398753
1644,1888,2,1,3,1978,Urban,Excellent,No,565497
1645,4212,3,2,2,1925,Downtown,Good,No,1148771
1646,1867,3,2,1,1917,Suburban,Excellent,Yes,508578
1647,1321,3,2,1,1947,Suburban,Good,No,325941
1648,954,1,2,1,1908,Downtown,Good,Yes,397752
1649,2124,4,3,3,1900,Suburban,Poor,No,329541
1650,3272,5,4,1,2006,Downtown,Good,Yes,1051778
1651,4226,4,3,3,1908,Urban,Good,Yes,903524
1652,3647,5,3,3,1922,Suburban,Good,Yes,675219
1653,4589,5,4,3,2006,Suburban,Fair,Yes,828830
1654,2690,5,3,1,1944,Downtown,Good,No,828528
1655,1416,4,2,2,2021,Downtown,Fair,No,554694
1656,4486,5,3,2,1901,Suburban,Good,No,868742
1657,3375,5,4,1,1913,Rural,Fair,Yes,507455
1658,1940,4,2,2,1937,Downtown,Excellent,Yes,764335
1659,4900,5,3,2,1939,Suburban,Fair,Yes,785019
1660,1235,3,3,2,1962,Rural,Fair,No,260080
1661,4068,4,2,2,1981,Downtown,Excellent,Yes,1381931
1662,3838,3,3,1,1915,Rural,Good,No,598590
1663,3515,5,3,2,2016,Suburban,Poor,Yes,532490
1664,3389,3,3,1,1992,Suburban,Good,Yes,687083
1665,1461,3,2,2,2007,Suburban,Poor,No,250419
1666,3489,5,2,3,1974,Suburban,Excellent,Yes,835995
1667,4348,4,4,2,1905,Suburban,Good,Yes,815217
1668,1526,2,2,3,1902,Rural,Fair,Yes,260730
1669,4365,5,2,1,1913,Urban,Good,No,907524
1670,3363,4,4,2,2023,Urban,Poor,Yes,594668
1671,3001,3,3,3,1965,Urban,Good,Yes,737722
1672,2447,2,1,3,1995,Suburban,Excellent,Yes,630313
1673,1677,4,3,2,1994,Urban,Excellent,Yes,613668
1674,511,2,2,1,1974,Suburban,Good,Yes,208981
1675,4899,4,2,3,1985,Urban,Good,Yes,1117657
1676,3864,5,2,2,1966,Suburban,Poor,No,459714
1677,3522,3,2,3,2013,Urban,Good,No,870815
1678,3871,5,4,3,1930,Rural,Good,Yes,601122
1679,3330,3,2,3,1932,Suburban,Good,No,571565
1680,542,1,1,2,1987,Downtown,Excellent,Yes,376513
1681,1443,4,4,2,1900,Suburban,Fair,Yes,339224
1682,2890,4,3,1,1943,Suburban,Poor,Yes,401725
1683,3045,5,4,1,1914,Urban,Poor,Yes,527083
1684,2911,4,2,3,1936,Rural,Fair,Yes,441270
1685,1504,4,4,3,1926,Suburban,Poor,Yes,270313
1686,520,1,2,2,2001,Suburban,Good,No,202544
1687,906,2,1,2,1947,Urban,Good,Yes,304071
1688,1514,4,4,1,1926,Downtown,Fair,Yes,557433
1689,4931,3,3,2,2007,Suburban,Good,Yes,1000749
1690,2338,2,2,2,1911,Rural,Fair,Yes,289475
1691,3688,3,3,2,1966,Urban,Good,Yes,898946
1692,1214,2,1,1,1929,Downtown,Good,Yes,443885
1693,4646,3,3,2,1995,Downtown,Good,No,1330350
1694,4354,3,3,2,1986,Urban,Excellent,No,1147071
1695,4919,5,4,1,1965,Urban,Poor,Yes,702820
1696,640,2,1,2,1906,Urban,Good,Yes,240490
1697,1463,3,3,1,1933,Suburban,Excellent,No,405781
1698,872,2,2,1,1931,Rural,Good,Yes,187560
1699,4135,4,4,3,2016,Suburban,Fair,Yes,694318
1700,3041,4,3,3,1938,Urban,Good,Yes,757442
1701,4110,5,4,2,1995,Suburban,Good,Yes,832662
1702,2192,4,3,2,1942,Downtown,Excellent,No,875055
1703,605,1,1,1,1942,Rural,Poor,Yes,117447
1704,2181,2,1,2,1977,Downtown,Poor,Yes,476361
1705,4597,3,3,2,1902,Suburban,Good,Yes,818708
1706,4516,5,4,2,1945,Urban,Fair,Yes,910250
1707,3136,4,4,3,1931,Urban,Fair,No,667251
1708,2637,4,2,2,1942,Urban,Fair,Yes,563535
1709,3916,3,2,2,1999,Suburban,Fair,Yes,694775
1710,4945,5,3,3,1980,Suburban,Fair,No,875310
1711,4030,4,2,1,2011,Rural,Excellent,Yes,725837
1712,1786,4,4,2,1902,Downtown,Fair,Yes,595632
1713,3679,3,2,3,2020,Rural,Fair,Yes,530275
1714,4154,3,3,3,1973,Downtown,Fair,Yes,1076659
1715,2859,5,2,1,2016,Urban,Excellent,Yes,849319
1716,944,2,2,1,1962,Downtown,Good,Yes,398309
1717,535,1,2,1,2010,Suburban,Good,Yes,235830
1718,1975,4,3,2,1939,Rural,Fair,No,335503
1719,4457,4,4,3,1917,Suburban,Excellent,Yes,968700
1720,2298,3,3,2,1966,Urban,Good,Yes,651666
1721,2345,3,3,2,2002,Urban,Fair,Yes,595512
1722,1908,2,1,2,1961,Urban,Good,No,460332
1723,2208,3,2,2,1909,Rural,Excellent,Yes,437190
1724,3438,3,2,1,1951,Suburban,Good,No,725106
1725,1800,3,2,1,1972,Downtown,Excellent,Yes,739527
1726,1743,4,4,1,1945,Downtown,Excellent,No,770655
1727,4476,4,3,2,1954,Downtown,Fair,Yes,1119886
1728,3597,3,3,2,1945,Downtown,Good,Yes,1063541
1729,509,2,2,1,1974,Suburban,Poor,Yes,168783
1730,2925,3,3,3,1959,Downtown,Excellent,No,1040367
1731,2160,4,4,3,1996,Downtown,Fair,Yes,737282
1732,3131,3,2,2,1999,Downtown,Excellent,Yes,1217877
1733,1572,4,4,1,1925,Urban,Good,Yes,482840
1734,3725,3,2,1,1926,Suburban,Good,No,702269
1735,1816,3,3,1,1937,Suburban,Poor,No,272817
1736,4645,3,2,2,1921,Rural,Good,Yes,661781
1737,4183,4,2,1,1925,Downtown,Excellent,Yes,1377450
1738,3773,5,2,3,1985,Rural,Poor,Yes,447758
1739,645,2,2,1,1968,Urban,Good,No,283238
1740,3540,4,4,1,1934,Downtown,Poor,No,716539
1741,1962,2,1,3,1965,Urban,Good,Yes,539907
1742,2084,4,3,1,1998,Urban,Fair,Yes,580111
1743,982,2,2,2,1972,Suburban,Fair,No,261312
1744,3679,4,3,3,2014,Rural,Excellent,No,686496
1745,1749,3,2,3,1950,Downtown,Good,Yes,597553
1746,1130,4,2,1,2012,Suburban,Fair,Yes,305260
1747,1161,4,2,2,1917,Downtown,Good,Yes,481554
1748,4003,3,2,1,1942,Downtown,Fair,Yes,955654
1749,3352,4,2,3,1911,Downtown,Fair,Yes,881415
1750,2966,3,3,3,1902,Rural,Good,Yes,431146
1751,1487,4,4,2,1981,Downtown,Fair,Yes,578877
1752,2046,4,4,3,2019,Suburban,Good,Yes,519834
1753,1149,4,4,1,2001,Suburban,Good,Yes,399912
1754,1468,4,4,1,1906,Rural,Good,Yes,321575
1755,3137,5,3,1,1996,Rural,Excellent,No,675334
1756,1600,4,4,2,1905,Urban,Fair,Yes,454932
1757,940,2,2,1,1981,Rural,Good,Yes,234379
1758,1269,3,2,1,1944,Urban,Good,Yes,379291
1759,1843,4,4,3,1985,Rural,Fair,No,304956
1760,4858,4,3,3,2014,Urban,Excellent,No,1217719
1761,4229,5,4,3,1938,Downtown,Good,Yes,1181105
1762,4406,3,2,3,1950,Suburban,Good,No,792618
1763,2077,2,1,2,1908,Urban,Good,Yes,483935
1764,4508,4,2,3,1998,Suburban,Poor,No,579882
1765,3851,5,2,3,1922,Suburban,Good,Yes,745207
1766,2849,4,2,3,1911,Suburban,Good,Yes,553536
1767,4102,4,2,2,2015,Rural,Good,Yes,597307
1768,1741,2,2,3,1987,Downtown,Fair,Yes,557366
1769,1625,4,2,2,1961,Urban,Good,Yes,466458
1770,3101,3,3,1,2013,Urban,Good,No,756547
1771,1690,3,2,3,2003,Rural,Good,No,354660
1772,4631,5,3,2,1972,Rural,Good,Yes,693598
1773,4948,4,2,1,1976,Urban,Good,Yes,1170220
1774,572,2,1,1,1939,Suburban,Good,Yes,215707
1775,2414,4,4,2,1953,Downtown,Excellent,Yes,959627
1776,2972,5,3,1,2005,Suburban,Poor,Yes,419271
1777,3546,3,2,3,1980,Urban,Excellent,Yes,993120
1778,1207,2,1,1,1906,Rural,Good,No,228182
1779,2304,2,1,2,1916,Urban,Good,Yes,530044
1780,4213,5,2,1,2018,Downtown,Excellent,Yes,1530912
1781,3064,4,2,3,1949,Suburban,Good,Yes,649238
1782,2975,3,2,2,1923,Suburban,Excellent,Yes,670360
1783,4110,5,3,1,1901,Downtown,Fair,Yes,1011347
1784,4755,3,3,2,1998,Downtown,Fair,No,1216932
1785,3323,5,2,1,1991,Downtown,Good,Yes,1029496
1786,2235,3,2,3,1982,Urban,Excellent,Yes,696686
1787,2085,2,1,3,1932,Suburban,Excellent,No,485667
1788,566,2,1,2,1920,Suburban,Good,Yes,191276
1789,3561,4,3,3,2016,Rural,Good,No,518330
1790,2928,3,3,3,1973,Suburban,Good,Yes,629352
1791,4653,5,4,1,1952,Downtown,Excellent,Yes,1575640
1792,841,1,1,2,1945,Suburban,Good,No,189939
1793,3274,4,4,1,1944,Downtown,Good,No,975873
1794,3317,3,2,1,1908,Downtown,Good,Yes,908372
1795,3161,5,3,2,2001,Downtown,Good,Yes,1069261
1796,1732,3,2,1,1905,Suburban,Good,No,355578
1797,4374,4,3,3,1950,Downtown,Excellent,Yes,1435485
1798,2901,5,2,1,2016,Suburban,Good,Yes,647824
1799,1994,3,2,1,2005,Rural,Excellent,No,422331
1800,4711,3,3,2,2018,Suburban,Poor,Yes,593295
1801,1161,2,1,2,1934,Rural,Good,No,225479
1802,4383,5,3,3,1981,Suburban,Good,No,790565
1803,4119,3,3,3,1952,Suburban,Good,Yes,719485
1804,2368,3,2,1,1918,Urban,Excellent,No,714614
1805,2834,3,3,3,1968,Downtown,Poor,Yes,636268
1806,3874,4,3,3,1924,Downtown,Poor,Yes,761305
1807,1516,3,2,1,1910,Urban,Good,Yes,421622
1808,4906,5,4,2,1973,Suburban,Poor,No,667560
1809,707,2,1,1,1916,Urban,Excellent,No,291853
1810,3165,4,4,1,1935,Rural,Fair,Yes,440757
1811,2993,5,4,2,1989,Suburban,Good,Yes,668193
1812,1132,2,1,1,1994,Suburban,Poor,No,201590
1813,2602,4,4,2,1995,Suburban,Good,Yes,585359
1814,3459,5,3,3,1920,Rural,Good,Yes,549222
1815,3583,3,2,2,1917,Urban,Poor,Yes,558341
1816,2431,3,2,3,1959,Rural,Good,No,416841
1817,4219,5,4,2,1917,Suburban,Good,No,808574
1818,3062,5,2,3,1900,Urban,Excellent,No,795966
1819,2179,4,4,1,1913,Suburban,Fair,Yes,405715
1820,736,1,1,2,1907,Downtown,Good,No,275413
1821,4943,4,2,2,1965,Rural,Excellent,Yes,948018
1822,2040,3,3,3,1950,Downtown,Good,No,651467
1823,4443,3,3,1,1978,Rural,Excellent,Yes,794440
1824,863,2,1,2,1959,Downtown,Excellent,Yes,454248
1825,2868,5,2,1,1933,Urban,Good,Yes,687030
1826,785,1,1,1,1935,Suburban,Good,Yes,224097
1827,648,1,1,2,1961,Suburban,Fair,No,193717
1828,4537,4,4,3,1900,Downtown,Good,No,1246487
1829,2266,3,3,1,2014,Suburban,Excellent,Yes,612873
1830,1512,3,2,2,1984,Suburban,Good,No,424120
1831,3331,3,2,1,1941,Urban,Good,Yes,769432
1832,3007,5,2,1,1900,Downtown,Good,No,845978
1833,2023,2,2,1,1995,Downtown,Fair,No,632098
1834,3285,4,3,1,1983,Downtown,Excellent,No,1172965
1835,3056,3,2,2,1953,Suburban,Good,Yes,652864
1836,4225,3,2,3,1946,Urban,Fair,Yes,804693
1837,2101,4,2,2,1999,Rural,Excellent,No,493728
1838,2908,3,3,2,1938,Downtown,Good,Yes,885042
1839,840,2,2,1,1929,Suburban,Good,No,249638
1840,3317,5,3,1,1906,Urban,Good,No,824388
1841,2996,4,3,3,1921,Suburban,Good,Yes,567720
1842,2225,4,2,1,2020,Suburban,Excellent,No,641689
1843,2189,4,3,2,1949,Suburban,Good,No,445117
1844,3767,4,4,1,1944,Downtown,Good,Yes,1072112
1845,4906,3,3,3,1973,Downtown,Fair,Yes,1183903
1846,761,2,2,1,2019,Downtown,Excellent,No,488510
1847,1942,4,2,1,1971,Urban,Poor,Yes,383600
1848,905,2,2,2,1990,Downtown,Excellent,Yes,519254
1849,2690,4,3,1,1909,Downtown,Good,No,804904
1850,4937,5,3,2,1913,Suburban,Good,Yes,924157
1851,743,1,2,1,1945,Downtown,Excellent,No,399592
1852,4607,5,2,1,2022,Downtown,Fair,Yes,1250845
1853,1060,3,2,1,2015,Rural,Good,Yes,297566
1854,4637,3,2,2,2017,Downtown,Good,No,1286159
1855,3225,5,2,2,1974,Urban,Good,Yes,774901
1856,1093,2,1,1,1905,Suburban,Good,No,256072
1857,2326,3,2,1,1920,Urban,Good,No,528996
1858,3729,3,2,1,1961,Suburban,Good,No,670304
1859,3787,5,3,3,1996,Downtown,Excellent,Yes,1418269
1860,4573,4,3,2,1918,Urban,Good,Yes,998045
1861,633,2,2,2,2002,Suburban,Good,No,225455
1862,3638,5,2,3,1987,Urban,Excellent,Yes,995482
1863,4419,3,3,1,1981,Suburban,Good,Yes,836346
1864,572,1,1,1,1998,Rural,Poor,Yes,136015
1865,4994,3,3,3,2015,Urban,Good,Yes,1177180
1866,4725,3,3,2,1961,Rural,Fair,No,620522
1867,3478,3,3,2,2006,Suburban,Fair,No,691008
1868,4861,3,2,2,2000,Suburban,Fair,No,790206
1869,2485,3,2,2,1982,Urban,Poor,Yes,443923
1870,1292,4,4,2,1952,Rural,Good,No,240309
1871,4759,5,2,2,1923,Rural,Poor,Yes,465038
1872,594,1,2,1,1955,Suburban,Fair,Yes,202586
1873,1633,4,2,1,1961,Urban,Poor,Yes,370192
1874,737,1,2,1,1933,Downtown,Poor,No,212841
1875,3446,4,2,2,1921,Suburban,Fair,No,592084
1876,3030,4,2,1,1967,Downtown,Good,No,934511
1877,2460,3,2,3,1956,Suburban,Excellent,No,601481
1878,1548,4,4,3,1909,Rural,Excellent,No,316935
1879,3029,4,2,3,1965,Downtown,Excellent,Yes,1115959
1880,3464,5,3,1,1907,Urban,Fair,No,736921
1881,1463,4,4,1,1996,Suburban,Fair,Yes,359198
1882,1036,3,2,2,2022,Downtown,Poor,Yes,348098
1883,4723,3,2,1,1937,Suburban,Good,Yes,797942
1884,4179,4,3,1,2006,Suburban,Poor,Yes,471037
1885,4687,4,4,3,2022,Downtown,Good,Yes,1421895
1886,4224,5,2,2,1961,Urban,Fair,Yes,867200
1887,1042,2,1,2,1927,Rural,Fair,Yes,212211
1888,1345,4,3,1,1909,Downtown,Excellent,No,612292
1889,4103,5,2,2,1944,Downtown,Good,No,1128689
1890,3536,4,4,3,1964,Suburban,Excellent,Yes,855567
1891,2994,4,3,3,1997,Urban,Good,Yes,783973
1892,4985,5,3,1,1966,Suburban,Excellent,Yes,1162420
1893,3219,5,2,1,1908,Downtown,Good,Yes,948630
1894,2384,3,2,3,1904,Suburban,Excellent,Yes,599948
1895,4638,5,2,1,2005,Rural,Fair,No,615046
1896,4849,3,3,1,1909,Suburban,Good,Yes,820579
1897,3701,4,4,2,1911,Suburban,Good,Yes,711386
1898,3210,5,4,2,1981,Rural,Good,Yes,554874
1899,2453,3,3,3,1957,Urban,Excellent,Yes,728742
1900,4350,5,3,3,1920,Urban,Excellent,Yes,1118071
1901,1189,2,2,2,1920,Suburban,Good,Yes,303666
1902,2450,3,2,3,1964,Rural,Good,No,392570
1903,956,1,2,1,1902,Urban,Good,Yes,290186
1904,2630,4,2,1,1968,Rural,Excellent,Yes,525443
1905,4476,5,4,2,1988,Urban,Good,Yes,1119724
1906,4744,3,2,3,2021,Urban,Poor,Yes,803795
1907,1679,3,3,3,1963,Suburban,Good,Yes,389643
1908,4785,5,2,2,1948,Suburban,Poor,Yes,593462
1909,4065,4,4,2,1971,Urban,Good,Yes,991188
1910,1382,2,2,2,1916,Suburban,Good,Yes,333609
1911,899,2,1,2,1972,Suburban,Good,Yes,267326
1912,1108,2,2,1,1931,Downtown,Good,Yes,420368
1913,2138,3,3,2,1969,Urban,Poor,Yes,392327
1914,2648,4,2,3,2012,Downtown,Fair,Yes,771314
1915,1882,3,3,3,2003,Urban,Good,Yes,563990
1916,1903,4,2,1,1920,Urban,Fair,Yes,493286
1917,1319,4,3,2,1906,Downtown,Good,Yes,501550
1918,3792,3,3,3,1906,Suburban,Excellent,Yes,808075
1919,1319,3,2,1,2010,Suburban,Excellent,Yes,444283
1920,919,2,2,2,2002,Suburban,Excellent,Yes,372011
1921,4719,5,4,2,2017,Suburban,Excellent,Yes,1049072
1922,3802,4,3,1,1926,Downtown,Good,No,1115503
1923,2008,2,2,3,1907,Rural,Fair,No,283635
1924,1267,3,2,2,1972,Downtown,Fair,No,433449
1925,2544,4,3,1,1927,Urban,Excellent,No,708691
1926,2639,4,4,3,1978,Suburban,Good,No,593087
1927,3529,5,4,1,1965,Urban,Fair,No,760563
1928,2049,3,3,1,1970,Suburban,Good,Yes,477262
1929,2264,4,2,1,1946,Urban,Good,Yes,568454
1930,3145,4,3,1,1981,Urban,Good,Yes,773717
1931,4216,5,4,1,1985,Urban,Excellent,Yes,1186556
1932,4981,4,2,1,2013,Downtown,Good,No,1371860
1933,2793,4,3,1,1909,Urban,Excellent,Yes,794414
1934,3208,3,2,3,2017,Suburban,Good,No,594322
1935,1400,3,2,1,2013,Downtown,Good,Yes,628795
1936,3584,4,2,1,1932,Suburban,Excellent,Yes,773610
1937,2509,3,3,3,1906,Suburban,Excellent,Yes,616914
1938,741,2,2,1,1902,Suburban,Poor,Yes,136540
1939,2885,5,2,3,1913,Urban,Fair,Yes,568268
1940,4768,5,2,2,1943,Suburban,Good,No,864910
1941,1171,4,3,2,1945,Suburban,Good,No,326976
1942,663,1,2,2,1960,Downtown,Good,No,333638
1943,964,1,2,1,1935,Urban,Excellent,Yes,380900
1944,3542,4,4,1,1912,Suburban,Fair,No,602712
1945,2942,4,2,2,1915,Suburban,Good,Yes,551078
1946,2855,4,4,2,1979,Urban,Fair,Yes,715811
1947,4778,4,4,2,2017,Suburban,Excellent,No,1138251
1948,3057,3,3,1,1904,Suburban,Excellent,Yes,673931
1949,1045,2,1,2,2015,Suburban,Good,Yes,311812
1950,4335,5,3,2,1988,Urban,Fair,Yes,918850
1951,1093,3,2,1,1937,Urban,Good,No,338789
1952,4304,4,3,3,2001,Suburban,Good,Yes,868827
1953,1959,3,2,2,1949,Downtown,Good,Yes,673589
1954,3993,4,3,2,1937,Downtown,Excellent,Yes,1358129
1955,3101,4,2,2,2002,Urban,Excellent,No,898567
1956,2944,4,2,2,1955,Rural,Good,No,510182
1957,3172,3,2,3,1962,Suburban,Good,Yes,654289
1958,4700,4,3,1,2019,Downtown,Fair,Yes,1225647
1959,516,1,2,1,1947,Urban,Good,Yes,224818
1960,3691,5,3,2,2004,Urban,Good,Yes,920736
1961,892,2,2,2,1989,Rural,Good,No,227344
1962,924,2,1,2,1958,Urban,Poor,Yes,187888
1963,1071,2,2,1,1976,Rural,Fair,Yes,225193
1964,4131,5,2,3,1943,Downtown,Fair,No,1017011
1965,1620,3,3,2,2014,Downtown,Good,Yes,641906
1966,741,2,2,2,1989,Downtown,Good,No,363149
1967,4397,3,2,3,1954,Urban,Good,No,942802
1968,4595,3,2,1,1954,Downtown,Good,No,1287464
1969,2779,5,2,2,1900,Suburban,Good,Yes,543778
1970,1288,4,3,2,1907,Suburban,Excellent,Yes,420820
1971,1214,2,2,1,1903,Suburban,Good,No,266408
1972,3349,4,4,3,1984,Rural,Excellent,Yes,695343
1973,1275,4,2,1,1985,Downtown,Good,Yes,544154
1974,4526,3,2,2,2014,Suburban,Good,Yes,869683
1975,2747,4,3,1,1952,Urban,Poor,Yes,486604
1976,578,2,2,1,1957,Downtown,Good,No,320511
1977,4426,3,3,2,1936,Urban,Excellent,Yes,1068142
1978,1355,3,2,1,1948,Urban,Excellent,Yes,475084
1979,2648,3,3,3,1966,Rural,Excellent,No,535742
1980,1531,2,2,1,1918,Rural,Fair,No,205519
1981,3771,3,3,1,1900,Suburban,Good,Yes,678566
1982,4076,5,3,3,1928,Suburban,Good,Yes,774331
1983,4682,3,2,3,1986,Downtown,Good,Yes,1261283
1984,3956,4,3,2,1932,Suburban,Fair,Yes,649931
1985,4006,5,2,3,2018,Downtown,Excellent,No,1421665
1986,907,1,2,1,1951,Suburban,Excellent,Yes,325052
1987,3211,5,4,1,1940,Rural,Good,Yes,500587
1988,3588,3,3,3,1922,Suburban,Fair,Yes,593054
1989,2168,3,2,3,1904,Suburban,Fair,Yes,385814
1990,647,1,2,1,1970,Suburban,Good,Yes,204893
1991,4827,5,3,2,1956,Suburban,Good,Yes,909342
1992,4397,5,3,1,2021,Rural,Excellent,No,861816
1993,2450,2,1,1,1905,Suburban,Good,Yes,489976
1994,865,2,1,2,1948,Urban,Good,No,272636
1995,2174,4,2,3,1921,Suburban,Good,Yes,437399
1996,4994,4,2,2,2012,Downtown,Poor,Yes,981798
1997,3046,3,2,3,1976,Suburban,Excellent,Yes,761513
1998,1062,4,2,2,1975,Urban,Good,Yes,393366
1999,4062,4,4,2,1903,Downtown,Excellent,Yes,1385672
2000,2989,3,2,2,1971,Downtown,Good,Yes,937836
